Workbook
Name dews212: #REF!
Name dews212: #REF!
Name dews212: #REF!
Name dews212: #REF!
Name dews212: #REF!
Name dews212: #REF!
Name dews212: #REF!
Name dews212: #REF!
Name dews212: #REF!
Name dews212: #REF!
Name dews212: #REF!
Name Excel_BuiltIn_Print_Area_23: #REF!
Name Excel_BuiltIn_Print_Area_23: #REF!
Name Excel_BuiltIn_Print_Area_23: #REF!
Name Excel_BuiltIn_Print_Area_23: #REF!
Name Excel_BuiltIn_Print_Area_23: #REF!
Name Excel_BuiltIn_Print_Area_23: #REF!
Name Excel_BuiltIn_Print_Area_23: #REF!
Name Excel_BuiltIn_Print_Area_23: #REF!
Name Excel_BuiltIn_Print_Area_23: #REF!
Name Excel_BuiltIn_Print_Area_23: #REF!
Name Excel_BuiltIn_Print_Area_23: #REF!
Name Excel_BuiltIn_Print_Area_24: #REF!
Name Excel_BuiltIn_Print_Area_24: #REF!
Name Excel_BuiltIn_Print_Area_24: #REF!
Name Excel_BuiltIn_Print_Area_24: #REF!
Name Excel_BuiltIn_Print_Area_24: #REF!
Name Excel_BuiltIn_Print_Area_24: #REF!
Name Excel_BuiltIn_Print_Area_24: #REF!
Name Excel_BuiltIn_Print_Area_24: #REF!
Name Excel_BuiltIn_Print_Area_24: #REF!
Name Excel_BuiltIn_Print_Area_24: #REF!
Name Excel_BuiltIn_Print_Area_24: #REF!
Name Excel_BuiltIn_Print_Area_29: #REF!
Name Excel_BuiltIn_Print_Area_29: #REF!
Name Excel_BuiltIn_Print_Area_29: #REF!
Name Excel_BuiltIn_Print_Area_29: #REF!
Name Excel_BuiltIn_Print_Area_29: #REF!
Name Excel_BuiltIn_Print_Area_29: #REF!
Name Excel_BuiltIn_Print_Area_29: #REF!
Name Excel_BuiltIn_Print_Area_29: #REF!
Name Excel_BuiltIn_Print_Area_29: #REF!
Name Excel_BuiltIn_Print_Area_29: #REF!
Name Excel_BuiltIn_Print_Area_29: #REF!
Name qawdeds12321: #REF!
Name qawdeds12321: #REF!
Name qawdeds12321: #REF!
Name qawdeds12321: #REF!
Name qawdeds12321: #REF!
Name qawdeds12321: #REF!
Name qawdeds12321: #REF!
Name qawdeds12321: #REF!
Name qawdeds12321: #REF!
Name qawdeds12321: #REF!
Name qawdeds12321: #REF!
Name а: #REF!
Name а: #REF!
Name а: #REF!
Name а: #REF!
Name а: #REF!

Sheet ПОДПИСИ
B2: Реконструкция ВЛ 10 кВ ДТ-9 от опоры №20 до опоры №115 в части замены опор и провода (протяженностью 8 км), с установкой коммутационных аппаратов в количестве 1 шт. | C2: ООО «СЭТ»
A6: КТО | B6: Должность | C6: Фамилия Имя Отчество | D6: ФИО
A7: Генподрядчик | B7: Директор по строительству ООО «СЭТ» | C7: Потоцкий А.А. | D7: А.А. Потоцкий
A9: Производитель работ | B9: Начальник участка ООО «СЭТ» | C9: Нугуманов М.А. | D9: М.А. Нугуманов
A11: Тех надзор | B11: Ведущий инженер строительного контроля ООО «СЭТ» | C11: Кольцов А.Г. | D11: А.Г. Кольцов
A13: Представители иных лиц | B13: Ведущий инженер отдела строительного контроля АО "ЛЭСР" | C13: Сафуанова В.А. | D13: В.А. Сафуанова
A90: =CONCATENATE(ПОДПИСИ!B13," ",ПОДПИСИ!#REF!) -> #REF!

Sheet Лист1
A1: Кабель силовой с изоляцией сшитого полиэтилена, сеч. 150 | B1: АПвПу2г 1х150/70 | C1: м | D1: 5711.15
A2: Кабель силовой с изоляцией сшитого полиэтилена, сеч. 240 | B2: АПвБШп 4х240 | C2: м | D2: 402.96
A3: Муфта соединительная кабельная | B3: ПСТ(с)-О-10-150...240 | C3: компл | D3: 21
A4: Муфта концевая кабельная | B4: ПКВТ(Н)-О-10-150...240 | C4: шт | D4: 2
A5: Труба ПЭ ЭНЕРГОПЛАСТ ТС3 DN160 SN32 | B5: ТУ 22.21.21-002-16073610-2019 | C5: м | D5: 1360.3
A6: Труба ПЭ ЭНЕРГОПЛАСТ ТС2 DN160 SN16 | B6: ТУ 22.21.21-002-16073610-2019 | C6: м | D6: 158.46
A7: Плита пеноплекс 1200х600х100 | C7: шт | D7: 252
A8: Уплотнитель кабельных проходов | B8: УкПт-Р-175/50 | C8: шт | D8: 52
A9: Заглушка для ПЭ труб φ160 | C9: шт | D9: 18
A10: Плита закрытия кабеля | B10: ПЗК 240х480х16 | C10: шт | D10: 2706
A11: Песок строительный | C11: м3 | D11: 240.72
A12: Бентонит | B12: Super bore | C12: т | D12: 26.415
A13: Полимер | B13: Supra Xan | C13: т | D13: 2.6415
A14: Вода | C14: м3 | D14: 1320.82
A15: Кабельный киоск | B15: КЛ-211 | C15: шт | D15: 2
A16: Сталь угловая 63х63х6 | C16: м | D16: 28.48
A17: Сталь листовая толщиной 2мм 950х400 | C17: шт | D17: 4
A18: Сталь листовая толщиной 2мм 380х400 | C18: шт | D18: 4
A19: Сталь полосовая 40х4 | C19: м | D19: 12
A20: Бирка "Домик" маркировочная | B20: 150х100х2мм | C20: шт | D20: 12
A21: Кабельные стяжки | B21: 2,5х100 | C21: шт | D21: 12
A22: Щебень М1200, фр. 20-40 | C22: м3 | D22: 0.4
A23: Муфта концевая кабельная | B23: 4ПКВНТпН-Б-1-150...240 | C23: шт | D23: 6
A24: Кирпич полнотелый 250х120х65 | C24: шт | D24: 465
A25: Асфальтобетон крупнозернистый плотный тип А, марка I | C25: м3 | D25: 4.875
A26: Асфальтобетон мелкозернистый плотного тип А, марка I | C26: м3 | D26: 4.875
A27: Щебень М1200, фр. 40-70 | C27: м3 | D27: 24.57
A28: Битумная эмульсия | B28: ГОСТ Р 52128-2003 | C28: кг | D28: 28.67
A29: Грунт плодородный | C29: м3 | D29: 2819.5
A30: Семена газонных трав | C30: кг | D30: 125.85

Sheet Титул 
V2: Приложение И, СП 48.13330.2019
B9: ЖУРНАЛ
B10: ВХОДНОГО УЧЕТА И КОНТРОЛЯ КАЧЕСТВА ПОЛУЧАЕМЫХ ДЕТАЛЕЙ,
B11: МАТЕРИАЛОВ, ИЗДЕЛИЙ, КОНСТРУКЦИЙ И ОБОРУДОВАНИЯ
B16: Наименование объекта | G16: =ПОДПИСИ!B2 -> Реконструкция ВЛ 10 кВ ДТ-9 от опоры №20 до опоры №115 в части замены опор и провода (протяженностью 8 км), с установкой коммутационных аппаратов в количестве 1 шт.
B18: Адрес объекта
B20: Наименование строительной организации
G21: =ПОДПИСИ!C2 -> ООО «СЭТ»
T26: Начат | V26: 11 ноября | AA26: 20 | AB26: 24 | AC26: г.
T28: Окончен | V28: 12 ноября | AA28: 20 | AB28: 24 | AC28: г.
F58: IД-72/22

Sheet Жвх.к
A1: Дата поступл. | B1: Наименование продукции | C1: Количество (масса), партия, номер | D1: Изготовитель/ Поставщик | E1: Сертификат качества (паспорт, накладная) | F1: Вид контроля (визуальный, инструментальный, лабораторный) | G1: Заключение о соответствии, подпись лица, ответственного за входной контроль | H1: Подтверждение представителя строительного контроля Заказчика о выполнении в полном объеме процедуры входного контроля
A2: 1 | B2: 2 | C2: 3 | D2: 4 | E2: 5 | F2: 6 | G2: 7 | H2: 8
A3: 45607 | B3: Монтажный комплект для установки РЛК на опору СВ110 в комплекте с кронштейном разъединителя, кронштейном привода, комплектом тяг h-6500 мм КМЧ РЛК | C3: 1 компл. | D3: ООО «Тд «Электротехмонтаж» | E3: Накладная №811 | F3: Визуальный | G3: Соответствует Нугуматов М.А.
A4: 45607 | B4: Привод разъединителя РЛК.1б-10.IV/400УХЛ1 ПР-01-07 УХЛ1 | C4: 1 шт. | D4: ООО "КАСПИЙ-ЭЛЕКТРО" | E4: Сертификат соответствия РОСС RU.З2001.04ИБФ1.ОСП20.18595 с 20.04.2022 по 19.04.2025 | F4: Визуальный | G4: Соответствует Нугуматов М.А.
A5: 45607 | B5: Разъединитель линейный качающего типа, с полимерными изоляторами РЛК.1б-10.IV/630 УХЛ1 | C5: 1 шт. | D5: ООО "КАСПИЙ-ЭЛЕКТРО" | E5: Сертификат соответствия РОСС RU.З2001.04ИБФ1.ОСП20.18595 с 20.04.2022 по 19.04.2025 | F5: Визуальный | G5: Соответствует Нугуматов М.А. | J5: 1
A6: 45607 | B6: Разрядник мультикамерный РМК-20-IV-УХЛ1 | C6: 108 шт. | D6: АО "НПО "Стример" | E6: Сертификат соответствия №РОСС RU.ЕФ01.Н00004-22 с 10.04.2022 по 09.04.2025 | F6: Визуальный | G6: Соответствует Нугуматов М.А. | J6: 1
A7: 45607 | B7: Разрядник мультикамерный экранного типа РМКЭ-10-IV-УХЛ1 | C7: 30 шт. | D7: АО "НПО "Стример" | E7: Сертификат соответствия №РОСС RU.ЕФ01.Н00004-22 с 10.04.2022 по 09.04.2025 | F7: Визуальный | G7: Соответствует Нугуматов М.А. | J7: 1
A8: 45607 | B8: Устройство для наложения защитного заземления CE 3 | C8: 63 шт. | D8: ООО «Тд «Электротехмонтаж» | E8: Накладная №811 | F8: Визуальный | G8: Соответствует Нугуматов М.А.
A9: 45607 | B9: Провод линии СИП-3 1х120 | C9: 18387 м | D9: ООО "КЗ "ЦВЕТЛИТ" | E9: Паспорт качества №№24Т1-5845 от 21.07.2024 г.; Паспорт качества №№24Т1-5844 от 21.07.2024 г.; Паспорт качества №№24Т1-5847 от 21.07.2024 г; Паспорт качества №№24Т1-5851 от 21.07.2024 г. | F9: Визуальный | G9: Соответствует Нугуматов М.А. | J9: 1 | L9: =18324+63 -> 18387
A10: 45607 | B10: Стойка железобетонная СВ110-3,5 (у) | C10: 6 шт. | D10: ЗАО "Митеп-Волга" | E10: Сертификат соответствия №РОСС BY.HB61.H30298 от 09.11.2021 сроком действия до 08.11.2024 | F10: Визуальный | G10: Соответствует Нугуматов М.А. | J10: 1
A11: 45607 | B11: Заземляющий проводник ЗП1 | C11: 38,9 м | D11: ООО «Тд «Электротехмонтаж» | E11: Накладная №811 | F11: Визуальный | G11: Соответствует Нугуматов М.А.
A12: 45607 | B12: Траверса ТМ63 | C12: 2 шт. | D12: ООО "НИЛЕД" | E12: Сертификат соответствия №РОСС RU.НЕ06.Н05218 от 12.04.2023 сроком действия до 11.04.2026 | F12: Визуальный | G12: Соответствует Нугуматов М.А. | J12: 1
A13: 45607 | B13: Траверса ТМ65 | C13: 6 шт. | D13: ООО "НИЛЕД" | E13: Сертификат соответствия №РОСС RU.НЕ06.Н05218 от 12.04.2023 сроком действия до 11.04.2026 | F13: Визуальный | G13: Соответствует Нугуматов М.А. | J13: 1
A14: 45607 | B14: Траверса ТМ66 | C14: 5 шт. | D14: ООО "НИЛЕД" | E14: Сертификат соответствия №РОСС RU.НЕ06.Н05218 от 12.04.2023 сроком действия до 11.04.2026 | F14: Визуальный | G14: Соответствует Нугуматов М.А. | J14: 1
A15: 45607 | B15: Траверса ТМ67 | C15: 1 шт. | D15: ООО "НИЛЕД" | E15: Сертификат соответствия №РОСС RU.НЕ06.Н05218 от 12.04.2023 сроком действия до 11.04.2026 | F15: Визуальный | G15: Соответствует Нугуматов М.А. | J15: 1
A16: 45607 | B16: Траверса ТМ68 | C16: 1 шт. | D16: ООО "НИЛЕД" | E16: Сертификат соответствия №РОСС RU.НЕ06.Н05218 от 12.04.2023 сроком действия до 11.04.2026 | F16: Визуальный | G16: Соответствует Нугуматов М.А. | J16: 1
A17: 45607 | B17: Траверса ТМ73 | C17: 2 шт. | D17: ООО "НИЛЕД" | E17: Сертификат соответствия №РОСС RU.НЕ06.Н05218 от 12.04.2023 сроком действия до 11.04.2026 | F17: Визуальный | G17: Соответствует Нугуматов М.А. | J17: 1
A18: 45607 | B18: Траверса ТМ74 | C18: 2 шт. | D18: ООО "НИЛЕД" | E18: Сертификат соответствия №РОСС RU.НЕ06.Н05218 от 12.04.2023 сроком действия до 11.04.2026 | F18: Визуальный | G18: Соответствует Нугуматов М.А. | J18: 1
A19: 45607 | B19: Крепление подкоса У52 | C19: 5 шт. | D19: ООО «Тд «Электротехмонтаж» | E19: Накладная №811 | F19: Визуальный | G19: Соответствует Нугуматов М.А.
A20: 45607 | B20: Хомут Х51 | C20: 7 шт. | D20: ООО «Тд «Электротехмонтаж» | E20: Накладная №811 | F20: Визуальный | G20: Соответствует Нугуматов М.А.
A21: 45607 | B21: Зажим плашечный ПС-2-1 | C21: 184 шт. | D21: ООО «Тд «Электротехмонтаж» | E21: Накладная №811 | F21: Визуальный | G21: Соответствует Нугуматов М.А.
A22: 45607 | B22: Вязка спиральная СВ 120 | C22: 676 шт. | D22: ООО «Тд «Электротехмонтаж» | E22: Накладная №811 | F22: Визуальный | G22: Соответствует Нугуматов М.А.
A23: 45607 | B23: Метал. лента 20x0,7x1000 мм F 207 | C23: 1440 шт. | D23: ООО «Тд «Электротехмонтаж» | E23: Накладная №811 | F23: Визуальный | G23: Соответствует Нугуматов М.А.
A24: 45607 | B24: Изолятор штыревой ПШИ20 | C24: 33 шт. | D24: ООО «Тд «Электротехмонтаж» | E24: Накладная №811 | F24: Визуальный | G24: Соответствует Нугуматов М.А.
A25: 45607 | B25: Бугель для фиксации ленты NB 20 | C25: 960 шт. | D25: ООО «Тд «Электротехмонтаж» | E25: Накладная №811 | F25: Визуальный | G25: Соответствует Нугуматов М.А.
A26: 45607 | B26: Зажим анкерный PAZ 3 | C26: 168 шт. | D26: ООО «Тд «Электротехмонтаж» | E26: Накладная №811 | F26: Визуальный | G26: Соответствует Нугуматов М.А.
A27: 45607 | B27: Изолятор подвесной SML 70/20ГС | C27: 168 шт. | D27: ООО «Тд «Электротехмонтаж» | E27: Накладная №811 | F27: Визуальный | G27: Соответствует Нугуматов М.А.
A28: 45607 | B28: Зажим ответвительный RP 150 | C28: 99 шт. | D28: ООО «Тд «Электротехмонтаж» | E28: Накладная №811 | F28: Визуальный | G28: Соответствует Нугуматов М.А.
A29: 45607 | B29: Зажим аппаратный А2А-120 | C29: 42 шт. | D29: ООО «Тд «Электротехмонтаж» | E29: Накладная №811 | F29: Визуальный | G29: Соответствует Нугуматов М.А.
A30: 45607 | B30: Колпачок К9 | C30: 33 шт. | D30: ООО «Тд «Электротехмонтаж» | E30: Накладная №811 | F30: Визуальный | G30: Соответствует Нугуматов М.А.
... A90: 45432 | B90: Щебень гранитный марки 1200-600 фр.40-70мм | C90: 2,1 м3 | D90: АО "ЛСР.БАЗОВЫЕ МАТЕРИАЛЫ" | E90: Декларация о соответствии ЕАЭС №RU Д-RU.РА01.В.11071/21 от 03.06.2021 сроком действия до 02.06.2026 | F90: Визуальный | G90: Соответствует Шлёнский С.В.
A91: 45432 | B91: Песок природный для строительных: работ средний с крупностью зерен размером свыше 5 мм-до 5% по массе | C91: 242 м3 | D91: ООО "ДК "Горизонт" | E91: Паспорт №31/08/22 от 31.08.2022 | F91: Визуальный | G91: Соответствует Шлёнский С.В. | J91: =226.2+15.84 -> 242.04
A92: 45432 | B92: Бетон марки В15 F50 W4 | C92: 0,19м3 / 429 кг | D92: АО "Группа Компаний "Монолит" | E92: Документ о качестве бетонной смеси №000364646 | F92: Визуальный | G92: Соответствует Шлёнский С.В.
A93: 45432 | B93: Краска антикоррозиционная ОС-12-03 | C93: 6,6 кг | D93: Петрович | E93: Накладная №480365203 | F93: Визуальный | G93: Соответствует Шлёнский С.В.
A94: 45432 | B94: Уголок стальной 32х32х4мм | C94: 174,3 кг | D94: Петрович | E94: Накладная №480365203 | F94: Визуальный | G94: Соответствует Шлёнский С.В.
A95: 45432 | B95: Полоса стальная 4х30мм | C95: 22,0 кг | D95: Петрович | E95: Накладная №480365203 | F95: Визуальный | G95: Соответствует Шлёнский С.В.
A96: 45432 | B96: Стальной лист в=2мм | C96: 4,3 кг | D96: Петрович | E96: Накладная №480365203 | F96: Визуальный | G96: Соответствует Шлёнский С.В.
A97: 45432 | B97: Сетка №25х25 шириной 1960х1880 мм | C97: 56,4 кг | D97: Петрович | E97: Накладная №480365203 | F97: Визуальный | G97: Соответствует Шлёнский С.В.
A98: 45432 | B98: Проволока Ø4мм | C98: 10,3 кг | D98: Петрович | E98: Накладная №480365203 | F98: Визуальный | G98: Соответствует Шлёнский С.В.
A99: 45432 | B99: Труба водогазопроводная Ø 80 мм (L=2400мм) | C99: 14 шт / 199кг | D99: Петрович | E99: Накладная №480365203 | F99: Визуальный | G99: Соответствует Шлёнский С.В.
A100: 45432 | B100: Двухстворчатая дверь | C100: 2 к-т / 304кг | D100: Петрович | E100: Накладная №480365203 | F100: Визуальный | G100: Соответствует Шлёнский С.В.
A101: 45432 | B101: Лестница наружная 1200мм | C101: 2 шт | D101: Петрович | E101: Накладная №480365203 | F101: Визуальный | G101: Соответствует Шлёнский С.В.
A102: 45432 | B102: Лестница наружная 1800мм | C102: 4 шт | D102: Петрович | E102: Накладная №480365203 | F102: Визуальный | G102: Соответствует Шлёнский С.В.
A103: 45432 | B103: Ящик с совком для песка V=0.5 м3 | C103: 2 шт | D103: Петрович | E103: Накладная №480365203 | F103: Визуальный | G103: Соответствует Шлёнский С.В.
... A120: 45432 | B120: Семена газонных трав | C120: 39,28 кг | D120: Газон Опт Торг | E120: Накладная №07/06/211 | F120: Визуальный | G120: Соответствует Шлёнский С.В.
B122: Разъединитель РЕ19 | C122: 4 шт. | D122: ООО «Тд «Электротехмонтаж» | E122: Накладная №751 | F122: Визуальный | G122: Соответствует Шлёнский С.В.
B123: Контроллер STEMAX MX840 | C123: 4 шт. | D123: ООО «Тд «Электротехмонтаж» | E123: Накладная №751 | F123: Визуальный | G123: Соответствует Шлёнский С.В.
B124: Ограничитель перенапряжения ОПН-П-0,4/0,4/5/300 УХЛ 1 | C124: 12 шт. | D124: ООО «Тд «Электротехмонтаж» | E124: Накладная №751 | F124: Визуальный | G124: ЛО, Всеволожский район, Щегловское СП (22-012300 и др.)
B125: Выключатель автоматический ВА55-43 | C125: 4 шт. | D125: ООО «Тд «Электротехмонтаж» | E125: Накладная №751 | F125: Визуальный | G125: Соответствует Шлёнский С.В.
B126: Трансформаторы тока измерительные ТТК | C126: 24 шт. | D126: ООО «Тд «Электротехмонтаж» | E126: Накладная №751 | F126: Визуальный | G126: Соответствует Шлёнский С.В.
B127: труба стальная ∅76мм L=3000мм | C127: 64 шт. | D127: Петрович | E127: Накладная №480365203 | F127: Визуальный | G127: Соответствует Шлёнский С.В.
B128: уголок стальной 40х40х4 ГОСТ 8509-93 | C128: 155,32 шт. | D128: Петрович | E128: Накладная №480365203 | F128: Визуальный | G128: Соответствует Шлёнский С.В.
B129: сетка рабица с яч.50х50мм шириной 1500мм | C129: 92,8 шт. | D129: Петрович | E129: Накладная №480365203 | F129: Визуальный | G129: Соответствует Шлёнский С.В.
B130: ворота каркас 3000х1500мм | C130: 4 шт. | D130: Петрович | E130: Накладная №480365203 | F130: Визуальный | G130: Соответствует Шлёнский С.В.
B131: проволока стальная ∅3мм | C131: 64 м | D131: Петрович | E131: Накладная №480365203 | F131: Визуальный | G131: Соответствует Шлёнский С.В.
B132: Сталь полосовая 50х5 ГОСТ 103-2006 | C132: 152,22 м | D132: ООО "Конкорд" | E132: Информационное письмо №1157 от 26.10.2016 "Центр Декларирования Сертификации" (ООО "ЦДС)" | F132: Визуальный | G132: Соответствует Шлёнский С.В.
B133: Сталь угловая 63х63х6 ГОСТ 8509-93 | C133: 108 м | D133: ООО "Конкорд" | E133: Информационное письмо №1157 от 26.10.2016 "Центр Декларирования Сертификации" (ООО "ЦДС)" | F133: Визуальный | G133: Соответствует Шлёнский С.В.
... B156: Зажим аппаратный ТУ 34 13.11404-90 А2А-95 | C156: 8 шт. | D156: ООО «Тд «Электротехмонтаж» | E156: Накладная №811 | F156: Визуальный | G156: Соответствует Шлёнский С.В.
B158: Силовой масляный трансформатор | C158: 1 шт. | D158: ОАО "МИНСКИЙ ЭЛЕКТРОТЕХНИЧЕСКИЙ ЗАВОД ИМЕНИ В.И. КОЗЛОВА | E158: Паспорт
B159: Блок ФБС 24.4.6. | C159: 4 шт | D159: ООО "АБЛОК ЖБИ" | E159: Накладная 171812.24
B160: Труба ПЭ гофрированная Д=160мм | C160: 7/35 шт/м | D160: Петрович | E160: Накладная №480365203
B161: Песок строительный | C161: 4,72 м3 | D161: ООО "ДК "Горизонт" | E161: Паспорт №31/08/22 от 31.08.2022
B162: Щебень М1200, фр. 20-40 | C162: 5,4 м3 | D162: АО "ЛСР.БАЗОВЫЕ МАТЕРИАЛЫ" | E162: Декларация о соответствии ЕАЭС №RU Д-RU.РА01.В.11071/21 от 03.06.2021 сроком действия до 02.06.2026
B163: Сталь угловая 50х50х5 для обвязки блоков | C163: 23,6 м | D163: ООО "Конкорд" | E163: Информационное письмо №1157 от 26.10.2016 "Центр Декларирования Сертификации" (ООО "ЦДС)"
B164: Сталь угловая 63х63х6, L=2,5м | C164: 10 шт | D164: ООО "Конкорд" | E164: Информационное письмо №1157 от 26.10.2016 "Центр Декларирования Сертификации" (ООО "ЦДС)"
B165: Сталь полосовая 50х5 | C165: 28 м | D165: ООО "Конкорд" | E165: Информационное письмо №1157 от 26.10.2016 "Центр Декларирования Сертификации" (ООО "ЦДС)"
B166: Зажимы для ВН М12х1,75 | C166: 3 шт | D166: ООО «Тд «Электротехмонтаж» | E166: Накладная №751
B167: Зажимы для НН М27х1,5 | C167: 4 шт. | D167: ООО «Тд «Электротехмонтаж» | E167: Накладная №751
B168: Информационная табличка на ТП | C168: 1 шт | D168: ТД "Вектор" | E168: Накладная №12582/ЭМ110
B169: Кабель силовой с изоляцией сшитого полиэтилена, сеч. 150 АПвПу2г 1х150/70 | C169: 5711,15 м | D169: ООО "ЭМ КАБЕЛЬ" | E169: Паспорт качества №24ПТ 992 от 31.08.2024
... B198: Семена газонных трав | C198: 125,85 кг | D198: Газон Опт Торг | E198: Накладная №07/06/211

Sheet Жвх.к (т)
B7: =ПОДПИСИ!C2 -> ООО «СЭТ»
B8: (Наименование организации)
A13: ЖУРНАЛ
A14: УЧЕТА РЕЗУЛЬТАТОВ ВХОДНОГО КОНТРОЛЯ
A15: ПРОДУКЦИИ ДЛЯ СТРОИТЕЛЬСТВА, РЕКОНСТРУКЦИИ
C17: =ПОДПИСИ!B2 -> Реконструкция ВЛ 10 кВ ДТ-9 от опоры №20 до опоры №115 в части замены опор и провода (протяженностью 8 км), с установкой коммутационных аппаратов в количестве 1 шт.
C20: (Наименование объекта строительства, реконструкции)
C27: Начало работ | F27: "11" ноября 2024 | N27: Окончание работ | R27: "12" ноября 2024

Sheet Форма журнала
A1: Нумерация для АВК | B1: № п/п | C1: Дата доставки | D1: Наименование материалов, изделий, конструкций, оборудования | E1: Кол-во | F1: Поставщик | G1: Наименование и номер документа изготовителя | H1: Результат проверки сопроводительных документов производителя и визуального осмотра на соответствие требованиям утверждённой проектной документации и соответствующим документам по стандартизации | I1: Решение о необходимости проведения лабораторного контроля | J1: Результат лабораторного контроля | K1: Подпись лица, осуществляющего контроль | L1: 1 | M1: № ЗАК
B2: 1 | C2: 2 | D2: 3 | E2: 4 | F2: 5 | G2: 6 | H2: 7 | I2: 8 | J2: 9 | K2: 10 | L2: 11
A3: 1 | B3: =SUBTOTAL(9,$L$3:L3) -> 0 | C3: =IF(Жвх.к!$J3=1,Жвх.к!A3,"") | D3: =IF(Жвх.к!$J3=1,Жвх.к!B3,"") | E3: =IF(Жвх.к!$J3=1,Жвх.к!C3,"") | F3: =IF(Жвх.к!$J3=1,Жвх.к!D3,"") | G3: =IF(Жвх.к!$J3=1,Жвх.к!E3,"") | H3: Соответствуют | I3: - | J3: - | L3: =IF(C3="",0,1) -> 0 | M3: IЗ-81/22
A4: 2 | B4: =SUBTOTAL(9,$L$3:L4) -> 0 | C4: =IF(Жвх.к!$J4=1,Жвх.к!A4,"") | D4: =IF(Жвх.к!$J4=1,Жвх.к!B4,"") | E4: =IF(Жвх.к!$J4=1,Жвх.к!C4,"") | F4: =IF(Жвх.к!$J4=1,Жвх.к!D4,"") | G4: =IF(Жвх.к!$J4=1,Жвх.к!E4,"") | H4: Соответствуют | I4: - | J4: - | L4: =IF(C4="",0,1) -> 0 | M4: IЗ-104/22
A5: 3 | B5: =SUBTOTAL(9,$L$3:L5) -> 1 | C5: =IF(Жвх.к!$J5=1,Жвх.к!A5,"") -> 45607 | D5: =IF(Жвх.к!$J5=1,Жвх.к!B5,"") -> Разъединитель линейный качающего типа, с полимерными изоляторами РЛК.1б-10.IV/630 УХЛ1 | E5: =IF(Жвх.к!$J5=1,Жвх.к!C5,"") -> 1 шт. | F5: =IF(Жвх.к!$J5=1,Жвх.к!D5,"") -> ООО "КАСПИЙ-ЭЛЕКТРО" | G5: =IF(Жвх.к!$J5=1,Жвх.к!E5,"") -> Сертификат соответствия РОСС RU.З2001.04ИБФ1.ОСП20.18595 с 20.04.2022 по 19.04.2025 | H5: Соответствуют | I5: - | J5: - | L5: =IF(C5="",0,1) -> 1 | M5: Отсутствует
A6: 4 | B6: =SUBTOTAL(9,$L$3:L6) -> 2 | C6: =IF(Жвх.к!$J6=1,Жвх.к!A6,"") -> 45607 | D6: =IF(Жвх.к!$J6=1,Жвх.к!B6,"") -> Разрядник мультикамерный РМК-20-IV-УХЛ1 | E6: =IF(Жвх.к!$J6=1,Жвх.к!C6,"") -> 108 шт. | F6: =IF(Жвх.к!$J6=1,Жвх.к!D6,"") -> АО "НПО "Стример" | G6: =IF(Жвх.к!$J6=1,Жвх.к!E6,"") -> Сертификат соответствия №РОСС RU.ЕФ01.Н00004-22 с 10.04.2022 по 09.04.2025 | H6: Соответствуют | I6: - | J6: - | L6: =IF(C6="",0,1) -> 1 | M6: I3-224/15
A7: 5 | B7: =SUBTOTAL(9,$L$3:L7) -> 3 | C7: =IF(Жвх.к!$J7=1,Жвх.к!A7,"") -> 45607 | D7: =IF(Жвх.к!$J7=1,Жвх.к!B7,"") -> Разрядник мультикамерный экранного типа РМКЭ-10-IV-УХЛ1 | E7: =IF(Жвх.к!$J7=1,Жвх.к!C7,"") -> 30 шт. | F7: =IF(Жвх.к!$J7=1,Жвх.к!D7,"") -> АО "НПО "Стример" | G7: =IF(Жвх.к!$J7=1,Жвх.к!E7,"") -> Сертификат соответствия №РОСС RU.ЕФ01.Н00004-22 с 10.04.2022 по 09.04.2025 | H7: Соответствуют | I7: - | J7: - | L7: =IF(C7="",0,1) -> 1 | M7: I3-224/15
A8: 6 | B8: =SUBTOTAL(9,$L$3:L8) -> 3 | C8: =IF(Жвх.к!$J8=1,Жвх.к!A8,"") | D8: =IF(Жвх.к!$J8=1,Жвх.к!B8,"") | E8: =IF(Жвх.к!$J8=1,Жвх.к!C8,"") | F8: =IF(Жвх.к!$J8=1,Жвх.к!D8,"") | G8: =IF(Жвх.к!$J8=1,Жвх.к!E8,"") | H8: Соответствуют | I8: - | J8: - | L8: =IF(C8="",0,1) -> 0
A9: 7 | B9: =SUBTOTAL(9,$L$3:L9) -> 4 | C9: =IF(Жвх.к!$J9=1,Жвх.к!A9,"") -> 45607 | D9: =IF(Жвх.к!$J9=1,Жвх.к!B9,"") -> Провод линии СИП-3 1х120 | E9: =IF(Жвх.к!$J9=1,Жвх.к!C9,"") -> 18387 м | F9: =IF(Жвх.к!$J9=1,Жвх.к!D9,"") -> ООО "КЗ "ЦВЕТЛИТ" | G9: =IF(Жвх.к!$J9=1,Жвх.к!E9,"") -> Паспорт качества №№24Т1-5845 от 21.07.2024 г.; Паспорт качества №№24Т1-5844 от 21.07.2024 г.; Паспорт качества №№24Т1-5847 от 21.07.2024 г; Паспорт качества №№24Т1-5851 от 21.07.2024 г. | H9: Соответствуют | I9: - | J9: - | L9: =IF(C9="",0,1) -> 1 | M9: IЗ-206/20
A10: 8 | B10: =SUBTOTAL(9,$L$3:L10) -> 5 | C10: =IF(Жвх.к!$J10=1,Жвх.к!A10,"") -> 45607 | D10: =IF(Жвх.к!$J10=1,Жвх.к!B10,"") -> Стойка железобетонная СВ110-3,5 (у) | E10: =IF(Жвх.к!$J10=1,Жвх.к!C10,"") -> 6 шт. | F10: =IF(Жвх.к!$J10=1,Жвх.к!D10,"") -> ЗАО "Митеп-Волга" | G10: =IF(Жвх.к!$J10=1,Жвх.к!E10,"") -> Сертификат соответствия №РОСС BY.HB61.H30298 от 09.11.2021 сроком действия до 08.11.2024 | H10: Соответствуют | I10: - | J10: - | L10: =IF(C10="",0,1) -> 1 | M10: IЗ-159/20
A11: 9 | B11: =SUBTOTAL(9,$L$3:L11) -> 5 | C11: =IF(Жвх.к!$J11=1,Жвх.к!A11,"") | D11: =IF(Жвх.к!$J11=1,Жвх.к!B11,"") | E11: =IF(Жвх.к!$J11=1,Жвх.к!C11,"") | F11: =IF(Жвх.к!$J11=1,Жвх.к!D11,"") | G11: =IF(Жвх.к!$J11=1,Жвх.к!E11,"") | H11: Соответствуют | I11: - | J11: - | L11: =IF(C11="",0,1) -> 0
A12: 10 | B12: =SUBTOTAL(9,$L$3:L12) -> 6 | C12: =IF(Жвх.к!$J12=1,Жвх.к!A12,"") -> 45607 | D12: =IF(Жвх.к!$J12=1,Жвх.к!B12,"") -> Траверса ТМ63 | E12: =IF(Жвх.к!$J12=1,Жвх.к!C12,"") -> 2 шт. | F12: =IF(Жвх.к!$J12=1,Жвх.к!D12,"") -> ООО "НИЛЕД" | G12: =IF(Жвх.к!$J12=1,Жвх.к!E12,"") -> Сертификат соответствия №РОСС RU.НЕ06.Н05218 от 12.04.2023 сроком действия до 11.04.2026 | H12: Соответствуют | I12: - | J12: - | L12: =IF(C12="",0,1) -> 1 | M12: Отсутствует
A13: 11 | B13: =SUBTOTAL(9,$L$3:L13) -> 7 | C13: =IF(Жвх.к!$J13=1,Жвх.к!A13,"") -> 45607 | D13: =IF(Жвх.к!$J13=1,Жвх.к!B13,"") -> Траверса ТМ65 | E13: =IF(Жвх.к!$J13=1,Жвх.к!C13,"") -> 6 шт. | F13: =IF(Жвх.к!$J13=1,Жвх.к!D13,"") -> ООО "НИЛЕД" | G13: =IF(Жвх.к!$J13=1,Жвх.к!E13,"") -> Сертификат соответствия №РОСС RU.НЕ06.Н05218 от 12.04.2023 сроком действия до 11.04.2026 | H13: Соответствуют | I13: - | J13: - | L13: =IF(C13="",0,1) -> 1 | M13: Отсутствует
A14: 12 | B14: =SUBTOTAL(9,$L$3:L14) -> 8 | C14: =IF(Жвх.к!$J13=1,Жвх.к!A13,"") -> 45607 | D14: =IF(Жвх.к!$J14=1,Жвх.к!B14,"") -> Траверса ТМ66 | E14: =IF(Жвх.к!$J14=1,Жвх.к!C14,"") -> 5 шт. | F14: =IF(Жвх.к!$J14=1,Жвх.к!D14,"") -> ООО "НИЛЕД" | G14: =IF(Жвх.к!$J14=1,Жвх.к!E14,"") -> Сертификат соответствия №РОСС RU.НЕ06.Н05218 от 12.04.2023 сроком действия до 11.04.2026 | H14: Соответствуют | I14: - | J14: - | L14: =IF(C14="",0,1) -> 1 | M14: Отсутствует
A15: 13 | B15: =SUBTOTAL(9,$L$3:L15) -> 9 | C15: =IF(Жвх.к!$J14=1,Жвх.к!A14,"") -> 45607 | D15: =IF(Жвх.к!$J15=1,Жвх.к!B15,"") -> Траверса ТМ67 | E15: =IF(Жвх.к!$J15=1,Жвх.к!C15,"") -> 1 шт. | F15: =IF(Жвх.к!$J15=1,Жвх.к!D15,"") -> ООО "НИЛЕД" | G15: =IF(Жвх.к!$J15=1,Жвх.к!E15,"") -> Сертификат соответствия №РОСС RU.НЕ06.Н05218 от 12.04.2023 сроком действия до 11.04.2026 | H15: Соответствуют | I15: - | J15: - | L15: =IF(C15="",0,1) -> 1 | M15: Отсутствует
A16: 14 | B16: =SUBTOTAL(9,$L$3:L16) -> 10 | C16: =IF(Жвх.к!$J15=1,Жвх.к!A15,"") -> 45607 | D16: =IF(Жвх.к!$J16=1,Жвх.к!B16,"") -> Траверса ТМ68 | E16: =IF(Жвх.к!$J16=1,Жвх.к!C16,"") -> 1 шт. | F16: =IF(Жвх.к!$J16=1,Жвх.к!D16,"") -> ООО "НИЛЕД" | G16: =IF(Жвх.к!$J16=1,Жвх.к!E16,"") -> Сертификат соответствия №РОСС RU.НЕ06.Н05218 от 12.04.2023 сроком действия до 11.04.2026 | H16: Соответствуют | I16: - | J16: - | L16: =IF(C16="",0,1) -> 1 | M16: Отсутствует
A17: 15 | B17: =SUBTOTAL(9,$L$3:L17) -> 11 | C17: =IF(Жвх.к!$J16=1,Жвх.к!A16,"") -> 45607 | D17: =IF(Жвх.к!$J17=1,Жвх.к!B17,"") -> Траверса ТМ73 | E17: =IF(Жвх.к!$J17=1,Жвх.к!C17,"") -> 2 шт. | F17: =IF(Жвх.к!$J17=1,Жвх.к!D17,"") -> ООО "НИЛЕД" | G17: =IF(Жвх.к!$J17=1,Жвх.к!E17,"") -> Сертификат соответствия №РОСС RU.НЕ06.Н05218 от 12.04.2023 сроком действия до 11.04.2026 | H17: Соответствуют | I17: - | J17: - | L17: =IF(C17="",0,1) -> 1 | M17: Отсутствует
A18: 16 | B18: =SUBTOTAL(9,$L$3:L18) -> 12 | C18: =IF(Жвх.к!$J17=1,Жвх.к!A17,"") -> 45607 | D18: =IF(Жвх.к!$J18=1,Жвх.к!B18,"") -> Траверса ТМ74 | E18: =IF(Жвх.к!$J18=1,Жвх.к!C18,"") -> 2 шт. | F18: =IF(Жвх.к!$J18=1,Жвх.к!D18,"") -> ООО "НИЛЕД" | G18: =IF(Жвх.к!$J18=1,Жвх.к!E18,"") -> Сертификат соответствия №РОСС RU.НЕ06.Н05218 от 12.04.2023 сроком действия до 11.04.2026 | H18: Соответствуют | I18: - | J18: - | L18: =IF(C18="",0,1) -> 1 | M18: Отсутствует
A19: 17 | B19: =SUBTOTAL(9,$L$3:L19) -> 13 | C19: =IF(Жвх.к!$J18=1,Жвх.к!A18,"") -> 45607 | D19: =IF(Жвх.к!$J19=1,Жвх.к!B19,"") | E19: =IF(Жвх.к!$J19=1,Жвх.к!C19,"") | F19: =IF(Жвх.к!$J19=1,Жвх.к!D19,"") | G19: =IF(Жвх.к!$J19=1,Жвх.к!E19,"") | H19: Соответствуют | I19: - | J19: - | L19: =IF(C19="",0,1) -> 1
A20: 18 | B20: =SUBTOTAL(9,$L$3:L20) -> 13 | C20: =IF(Жвх.к!$J19=1,Жвх.к!A19,"") | D20: =IF(Жвх.к!$J20=1,Жвх.к!B20,"") | E20: =IF(Жвх.к!$J20=1,Жвх.к!C20,"") | F20: =IF(Жвх.к!$J20=1,Жвх.к!D20,"") | G20: =IF(Жвх.к!$J20=1,Жвх.к!E20,"") | H20: Соответствуют | I20: - | J20: - | L20: =IF(C20="",0,1) -> 0 | M20: IЗ-200/22
A21: 19 | B21: =SUBTOTAL(9,$L$3:L21) -> 13 | C21: =IF(Жвх.к!$J20=1,Жвх.к!A20,"") | D21: =IF(Жвх.к!$J21=1,Жвх.к!B21,"") | E21: =IF(Жвх.к!$J21=1,Жвх.к!C21,"") | F21: =IF(Жвх.к!$J21=1,Жвх.к!D21,"") | G21: =IF(Жвх.к!$J21=1,Жвх.к!E21,"") | H21: Соответствуют | I21: - | J21: - | L21: =IF(C21="",0,1) -> 0 | M21: =VLOOKUP(F21,#REF!,#REF!) -> #REF!
A22: 20 | B22: =SUBTOTAL(9,$L$3:L22) -> 13 | C22: =IF(Жвх.к!$J21=1,Жвх.к!A21,"") | D22: =IF(Жвх.к!$J22=1,Жвх.к!B22,"") | E22: =IF(Жвх.к!$J22=1,Жвх.к!C22,"") | F22: =IF(Жвх.к!$J22=1,Жвх.к!D22,"") | G22: =IF(Жвх.к!$J22=1,Жвх.к!E22,"") | H22: Соответствуют | I22: - | J22: - | L22: =IF(C22="",0,1) -> 0 | M22: =VLOOKUP(F22,#REF!,#REF!) -> #REF!
A23: 21 | B23: =SUBTOTAL(9,$L$3:L23) -> 13 | C23: =IF(Жвх.к!$J22=1,Жвх.к!A22,"") | D23: =IF(Жвх.к!$J23=1,Жвх.к!B23,"") | E23: =IF(Жвх.к!$J23=1,Жвх.к!C23,"") | F23: =IF(Жвх.к!$J23=1,Жвх.к!D23,"") | G23: =IF(Жвх.к!$J23=1,Жвх.к!E23,"") | H23: Соответствуют | I23: - | J23: - | L23: =IF(C23="",0,1) -> 0 | M23: =VLOOKUP(F23,#REF!,#REF!) -> #REF!
A24: 22 | B24: =SUBTOTAL(9,$L$3:L24) -> 13 | C24: =IF(Жвх.к!$J23=1,Жвх.к!A23,"") | D24: =IF(Жвх.к!$J24=1,Жвх.к!B24,"") | E24: =IF(Жвх.к!$J24=1,Жвх.к!C24,"") | F24: =IF(Жвх.к!$J24=1,Жвх.к!D24,"") | G24: =IF(Жвх.к!$J24=1,Жвх.к!E24,"") | H24: Соответствуют | I24: - | J24: - | L24: =IF(C24="",0,1) -> 0 | M24: =VLOOKUP(F24,#REF!,#REF!) -> #REF!
A25: 23 | B25: =SUBTOTAL(9,$L$3:L25) -> 13 | C25: =IF(Жвх.к!$J24=1,Жвх.к!A24,"") | D25: =IF(Жвх.к!$J25=1,Жвх.к!B25,"") | E25: =IF(Жвх.к!$J25=1,Жвх.к!C25,"") | F25: =IF(Жвх.к!$J25=1,Жвх.к!D25,"") | G25: =IF(Жвх.к!$J25=1,Жвх.к!E25,"") | H25: Соответствуют | I25: - | J25: - | L25: =IF(C25="",0,1) -> 0 | M25: =VLOOKUP(F25,#REF!,#REF!) -> #REF!
A26: 24 | B26: =SUBTOTAL(9,$L$3:L26) -> 13 | C26: =IF(Жвх.к!$J25=1,Жвх.к!A25,"") | D26: =IF(Жвх.к!$J26=1,Жвх.к!B26,"") | E26: =IF(Жвх.к!$J26=1,Жвх.к!C26,"") | F26: =IF(Жвх.к!$J26=1,Жвх.к!D26,"") | G26: =IF(Жвх.к!$J26=1,Жвх.к!E26,"") | H26: Соответствуют | I26: - | J26: - | L26: =IF(C26="",0,1) -> 0 | M26: =VLOOKUP(F26,#REF!,#REF!) -> #REF!
A27: 25 | B27: =SUBTOTAL(9,$L$3:L27) -> 13 | C27: =IF(Жвх.к!$J26=1,Жвх.к!A26,"") | D27: =IF(Жвх.к!$J27=1,Жвх.к!B27,"") | E27: =IF(Жвх.к!$J27=1,Жвх.к!C27,"") | F27: =IF(Жвх.к!$J27=1,Жвх.к!D27,"") | G27: =IF(Жвх.к!$J27=1,Жвх.к!E27,"") | H27: Соответствуют | I27: - | J27: - | L27: =IF(C27="",0,1) -> 0 | M27: =VLOOKUP(F27,#REF!,#REF!) -> #REF!
A28: 26 | B28: =SUBTOTAL(9,$L$3:L28) -> 13 | C28: =IF(Жвх.к!$J27=1,Жвх.к!A27,"") | D28: =IF(Жвх.к!$J28=1,Жвх.к!B28,"") | E28: =IF(Жвх.к!$J28=1,Жвх.к!C28,"") | F28: =IF(Жвх.к!$J28=1,Жвх.к!D28,"") | G28: =IF(Жвх.к!$J28=1,Жвх.к!E28,"") | H28: Соответствуют | I28: - | J28: - | L28: =IF(C28="",0,1) -> 0 | M28: =VLOOKUP(F28,#REF!,#REF!) -> #REF!
A29: 27 | B29: =SUBTOTAL(9,$L$3:L29) -> 13 | C29: =IF(Жвх.к!$J28=1,Жвх.к!A28,"") | D29: =IF(Жвх.к!$J29=1,Жвх.к!B29,"") | E29: =IF(Жвх.к!$J29=1,Жвх.к!C29,"") | F29: =IF(Жвх.к!$J29=1,Жвх.к!D29,"") | G29: =IF(Жвх.к!$J29=1,Жвх.к!E29,"") | H29: Соответствуют | I29: - | J29: - | L29: =IF(C29="",0,1) -> 0 | M29: =VLOOKUP(F29,#REF!,#REF!) -> #REF!
A30: 28 | B30: =SUBTOTAL(9,$L$3:L30) -> 13 | C30: =IF(Жвх.к!$J29=1,Жвх.к!A29,"") | D30: =IF(Жвх.к!$J30=1,Жвх.к!B30,"") | E30: =IF(Жвх.к!$J30=1,Жвх.к!C30,"") | F30: =IF(Жвх.к!$J30=1,Жвх.к!D30,"") | G30: =IF(Жвх.к!$J30=1,Жвх.к!E30,"") | H30: Соответствуют | I30: - | J30: - | L30: =IF(C30="",0,1) -> 0 | M30: =VLOOKUP(F30,#REF!,#REF!) -> #REF!
A31: 29 | B31: =SUBTOTAL(9,$L$3:L31) -> 13 | C31: =IF(Жвх.к!$J30=1,Жвх.к!A30,"") | D31: =IF(Жвх.к!$J31=1,Жвх.к!B31,"") | E31: =IF(Жвх.к!$J31=1,Жвх.к!C31,"") | F31: =IF(Жвх.к!$J31=1,Жвх.к!D31,"") | G31: =IF(Жвх.к!$J31=1,Жвх.к!E31,"") | H31: Соответствуют | I31: - | J31: - | L31: =IF(C31="",0,1) -> 0 | M31: =VLOOKUP(F31,#REF!,#REF!) -> #REF!
A32: 30 | B32: =SUBTOTAL(9,$L$3:L32) -> 13 | C32: =IF(Жвх.к!$J31=1,Жвх.к!A31,"") | D32: =IF(Жвх.к!$J32=1,Жвх.к!B32,"") | E32: =IF(Жвх.к!$J32=1,Жвх.к!C32,"") | F32: =IF(Жвх.к!$J32=1,Жвх.к!D32,"") | G32: =IF(Жвх.к!$J32=1,Жвх.к!E32,"") | H32: Соответствуют | I32: - | J32: - | L32: =IF(C32="",0,1) -> 0 | M32: =VLOOKUP(F32,#REF!,#REF!) -> #REF!
A33: 31 | B33: =SUBTOTAL(9,$L$3:L33) -> 13 | C33: =IF(Жвх.к!$J32=1,Жвх.к!A32,"") | D33: =IF(Жвх.к!$J33=1,Жвх.к!B33,"") | E33: =IF(Жвх.к!$J33=1,Жвх.к!C33,"") | F33: =IF(Жвх.к!$J33=1,Жвх.к!D33,"") | G33: =IF(Жвх.к!$J33=1,Жвх.к!E33,"") | H33: Соответствуют | I33: - | J33: - | L33: =IF(C33="",0,1) -> 0 | M33: =VLOOKUP(F33,#REF!,#REF!) -> #REF!
A34: 32 | B34: =SUBTOTAL(9,$L$3:L34) -> 13 | C34: =IF(Жвх.к!$J33=1,Жвх.к!A33,"") | D34: =IF(Жвх.к!$J34=1,Жвх.к!B34,"") | E34: =IF(Жвх.к!$J34=1,Жвх.к!C34,"") | F34: =IF(Жвх.к!$J34=1,Жвх.к!D34,"") | G34: =IF(Жвх.к!$J34=1,Жвх.к!E34,"") | H34: Соответствуют | I34: - | J34: - | L34: =IF(C34="",0,1) -> 0
A35: 33 | B35: =SUBTOTAL(9,$L$3:L35) -> 13 | C35: =IF(Жвх.к!$J34=1,Жвх.к!A34,"") | D35: =IF(Жвх.к!$J35=1,Жвх.к!B35,"") | E35: =IF(Жвх.к!$J35=1,Жвх.к!C35,"") | F35: =IF(Жвх.к!$J35=1,Жвх.к!D35,"") | G35: =IF(Жвх.к!$J35=1,Жвх.к!E35,"") | H35: Соответствуют | I35: - | J35: - | L35: =IF(C35="",0,1) -> 0 | M35: =VLOOKUP(F35,#REF!,#REF!) -> #REF!
A36: 34 | B36: =SUBTOTAL(9,$L$3:L36) -> 13 | C36: =IF(Жвх.к!$J35=1,Жвх.к!A35,"") | D36: =IF(Жвх.к!$J36=1,Жвх.к!B36,"") | E36: =IF(Жвх.к!$J36=1,Жвх.к!C36,"") | F36: =IF(Жвх.к!$J36=1,Жвх.к!D36,"") | G36: =IF(Жвх.к!$J36=1,Жвх.к!E36,"") | H36: Соответствуют | I36: - | J36: - | L36: =IF(C36="",0,1) -> 0 | M36: =VLOOKUP(F36,#REF!,#REF!) -> #REF!
A37: 35 | B37: =SUBTOTAL(9,$L$3:L37) -> 13 | C37: =IF(Жвх.к!$J36=1,Жвх.к!A36,"") | D37: =IF(Жвх.к!$J37=1,Жвх.к!B37,"") | E37: =IF(Жвх.к!$J37=1,Жвх.к!C37,"") | F37: =IF(Жвх.к!$J37=1,Жвх.к!D37,"") | G37: =IF(Жвх.к!$J37=1,Жвх.к!E37,"") | H37: Соответствуют | I37: - | J37: - | L37: =IF(C37="",0,1) -> 0 | M37: IП-50/24
A38: 36 | B38: =SUBTOTAL(9,$L$3:L38) -> 13 | C38: =IF(Жвх.к!$J37=1,Жвх.к!A37,"") | D38: =IF(Жвх.к!$J38=1,Жвх.к!B38,"") | E38: =IF(Жвх.к!$J38=1,Жвх.к!C38,"") | F38: =IF(Жвх.к!$J38=1,Жвх.к!D38,"") | G38: =IF(Жвх.к!$J38=1,Жвх.к!E38,"") | H38: Соответствуют | I38: - | J38: - | L38: =IF(C38="",0,1) -> 0
A39: 37 | B39: =SUBTOTAL(9,$L$3:L39) -> 13 | C39: =IF(Жвх.к!$J38=1,Жвх.к!A38,"") | D39: =IF(Жвх.к!$J39=1,Жвх.к!B39,"") | E39: =IF(Жвх.к!$J39=1,Жвх.к!C39,"") | F39: =IF(Жвх.к!$J39=1,Жвх.к!D39,"") | G39: =IF(Жвх.к!$J39=1,Жвх.к!E39,"") | H39: Соответствуют | I39: - | J39: - | L39: =IF(C39="",0,1) -> 0 | M39: =VLOOKUP(F39,#REF!,#REF!) -> #REF!
A40: 38 | B40: =SUBTOTAL(9,$L$3:L40) -> 13 | C40: =IF(Жвх.к!$J39=1,Жвх.к!A39,"") | D40: =IF(Жвх.к!$J40=1,Жвх.к!B40,"") | E40: =IF(Жвх.к!$J40=1,Жвх.к!C40,"") | F40: =IF(Жвх.к!$J40=1,Жвх.к!D40,"") | G40: =IF(Жвх.к!$J40=1,Жвх.к!E40,"") | H40: Соответствуют | I40: - | J40: - | L40: =IF(C40="",0,1) -> 0 | M40: =VLOOKUP(F40,#REF!,#REF!) -> #REF!
A41: 39 | B41: =SUBTOTAL(9,$L$3:L41) -> 13 | C41: =IF(Жвх.к!$J40=1,Жвх.к!A40,"") | D41: =IF(Жвх.к!$J41=1,Жвх.к!B41,"") | E41: =IF(Жвх.к!$J41=1,Жвх.к!C41,"") | F41: =IF(Жвх.к!$J41=1,Жвх.к!D41,"") | G41: =IF(Жвх.к!$J41=1,Жвх.к!E41,"") | H41: Соответствуют | I41: - | J41: - | L41: =IF(C41="",0,1) -> 0 | M41: =VLOOKUP(F41,#REF!,#REF!) -> #REF!
A42: 40 | B42: =SUBTOTAL(9,$L$3:L42) -> 13 | C42: =IF(Жвх.к!$J41=1,Жвх.к!A41,"") | D42: =IF(Жвх.к!$J42=1,Жвх.к!B42,"") | E42: =IF(Жвх.к!$J42=1,Жвх.к!C42,"") | F42: =IF(Жвх.к!$J42=1,Жвх.к!D42,"") | G42: =IF(Жвх.к!$J42=1,Жвх.к!E42,"") | H42: Соответствуют | I42: - | J42: - | L42: =IF(C42="",0,1) -> 0 | M42: =VLOOKUP(F42,#REF!,#REF!) -> #REF!
A43: 41 | B43: =SUBTOTAL(9,$L$3:L43) -> 13 | C43: =IF(Жвх.к!$J42=1,Жвх.к!A42,"") | D43: =IF(Жвх.к!$J43=1,Жвх.к!B43,"") | E43: =IF(Жвх.к!$J43=1,Жвх.к!C43,"") | F43: =IF(Жвх.к!$J43=1,Жвх.к!D43,"") | G43: =IF(Жвх.к!$J43=1,Жвх.к!E43,"") | H43: Соответствуют | I43: - | J43: - | L43: =IF(C43="",0,1) -> 0 | M43: =VLOOKUP(F43,#REF!,#REF!) -> #REF!
A44: 42 | B44: =SUBTOTAL(9,$L$3:L44) -> 13 | C44: =IF(Жвх.к!$J43=1,Жвх.к!A43,"") | D44: =IF(Жвх.к!$J44=1,Жвх.к!B44,"") | E44: =IF(Жвх.к!$J44=1,Жвх.к!C44,"") | F44: =IF(Жвх.к!$J44=1,Жвх.к!D44,"") | G44: =IF(Жвх.к!$J44=1,Жвх.к!E44,"") | H44: Соответствуют | I44: - | J44: - | L44: =IF(C44="",0,1) -> 0 | M44: =VLOOKUP(F44,#REF!,#REF!) -> #REF!
A45: 43 | B45: =SUBTOTAL(9,$L$3:L45) -> 13 | C45: =IF(Жвх.к!$J44=1,Жвх.к!A44,"") | D45: =IF(Жвх.к!$J45=1,Жвх.к!B45,"") | E45: =IF(Жвх.к!$J45=1,Жвх.к!C45,"") | F45: =IF(Жвх.к!$J45=1,Жвх.к!D45,"") | G45: =IF(Жвх.к!$J45=1,Жвх.к!E45,"") | H45: Соответствуют | I45: - | J45: - | L45: =IF(C45="",0,1) -> 0 | M45: =VLOOKUP(F45,#REF!,#REF!) -> #REF!
A46: 44 | B46: =SUBTOTAL(9,$L$3:L46) -> 13 | C46: =IF(Жвх.к!$J45=1,Жвх.к!A45,"") | D46: =IF(Жвх.к!$J46=1,Жвх.к!B46,"") | E46: =IF(Жвх.к!$J46=1,Жвх.к!C46,"") | F46: =IF(Жвх.к!$J46=1,Жвх.к!D46,"") | G46: =IF(Жвх.к!$J46=1,Жвх.к!E46,"") | H46: Соответствуют | I46: - | J46: - | L46: =IF(C46="",0,1) -> 0 | M46: =VLOOKUP(F46,#REF!,#REF!) -> #REF!
A47: 45 | B47: =SUBTOTAL(9,$L$3:L47) -> 13 | C47: =IF(Жвх.к!$J46=1,Жвх.к!A46,"") | D47: =IF(Жвх.к!$J47=1,Жвх.к!B47,"") | E47: =IF(Жвх.к!$J47=1,Жвх.к!C47,"") | F47: =IF(Жвх.к!$J47=1,Жвх.к!D47,"") | G47: =IF(Жвх.к!$J47=1,Жвх.к!E47,"") | H47: Соответствуют | I47: - | J47: - | L47: =IF(C47="",0,1) -> 0 | M47: =VLOOKUP(F47,#REF!,#REF!) -> #REF!
A48: 46 | B48: =SUBTOTAL(9,$L$3:L48) -> 13 | C48: =IF(Жвх.к!$J47=1,Жвх.к!A47,"") | D48: =IF(Жвх.к!$J48=1,Жвх.к!B48,"") | E48: =IF(Жвх.к!$J48=1,Жвх.к!C48,"") | F48: =IF(Жвх.к!$J48=1,Жвх.к!D48,"") | G48: =IF(Жвх.к!$J48=1,Жвх.к!E48,"") | H48: Соответствуют | I48: - | J48: - | L48: =IF(C48="",0,1) -> 0 | M48: =VLOOKUP(F48,#REF!,#REF!) -> #REF!
A49: 47 | B49: =SUBTOTAL(9,$L$3:L49) -> 13 | C49: =IF(Жвх.к!$J48=1,Жвх.к!A48,"") | D49: =IF(Жвх.к!$J49=1,Жвх.к!B49,"") | E49: =IF(Жвх.к!$J49=1,Жвх.к!C49,"") | F49: =IF(Жвх.к!$J49=1,Жвх.к!D49,"") | G49: =IF(Жвх.к!$J49=1,Жвх.к!E49,"") | H49: Соответствуют | I49: - | J49: - | L49: =IF(C49="",0,1) -> 0 | M49: =VLOOKUP(F49,#REF!,#REF!) -> #REF!
A50: 48 | B50: =SUBTOTAL(9,$L$3:L50) -> 13 | C50: =IF(Жвх.к!$J49=1,Жвх.к!A49,"") | D50: =IF(Жвх.к!$J50=1,Жвх.к!B50,"") | E50: =IF(Жвх.к!$J50=1,Жвх.к!C50,"") | F50: =IF(Жвх.к!$J50=1,Жвх.к!D50,"") | G50: =IF(Жвх.к!$J50=1,Жвх.к!E50,"") | H50: Соответствуют | I50: - | J50: - | L50: =IF(C50="",0,1) -> 0 | M50: =VLOOKUP(F50,#REF!,#REF!) -> #REF!
... A60: 58 | B60: =SUBTOTAL(9,$L$3:L60) -> 13 | C60: =IF(Жвх.к!$J59=1,Жвх.к!A59,"") | D60: =IF(Жвх.к!$J60=1,Жвх.к!B60,"") | E60: =IF(Жвх.к!$J60=1,Жвх.к!C60,"") | F60: =IF(Жвх.к!$J60=1,Жвх.к!D60,"") | G60: =IF(Жвх.к!$J60=1,Жвх.к!E60,"") | H60: Соответствуют | I60: - | J60: - | L60: =IF(C60="",0,1) -> 0 | M60: =VLOOKUP(F60,#REF!,#REF!) -> #REF!
A61: 59 | B61: =SUBTOTAL(9,$L$3:L61) -> 13 | C61: =IF(Жвх.к!$J60=1,Жвх.к!A60,"") | D61: =IF(Жвх.к!$J61=1,Жвх.к!B61,"") | E61: =IF(Жвх.к!$J61=1,Жвх.к!C61,"") | F61: =IF(Жвх.к!$J61=1,Жвх.к!D61,"") | G61: =IF(Жвх.к!$J61=1,Жвх.к!E61,"") | H61: Соответствуют | I61: - | J61: - | L61: =IF(C61="",0,1) -> 0 | M61: =VLOOKUP(F61,#REF!,#REF!) -> #REF! | N61: !!!
A62: 60 | B62: =SUBTOTAL(9,$L$3:L62) -> 13 | C62: =IF(Жвх.к!$J61=1,Жвх.к!A61,"") | D62: =IF(Жвх.к!$J62=1,Жвх.к!B62,"") | E62: =IF(Жвх.к!$J62=1,Жвх.к!C62,"") | F62: =IF(Жвх.к!$J62=1,Жвх.к!D62,"") | G62: =IF(Жвх.к!$J62=1,Жвх.к!E62,"") | H62: Соответствуют | I62: - | J62: - | L62: =IF(C62="",0,1) -> 0 | M62: =VLOOKUP(F62,#REF!,#REF!) -> #REF! | N62: !!!
A63: 61 | B63: =SUBTOTAL(9,$L$3:L63) -> 13 | C63: =IF(Жвх.к!$J62=1,Жвх.к!A62,"") | D63: =IF(Жвх.к!$J63=1,Жвх.к!B63,"") | E63: =IF(Жвх.к!$J63=1,Жвх.к!C63,"") | F63: =IF(Жвх.к!$J63=1,Жвх.к!D63,"") | G63: =IF(Жвх.к!$J63=1,Жвх.к!E63,"") | H63: Соответствуют | I63: - | J63: - | L63: =IF(C63="",0,1) -> 0 | M63: =VLOOKUP(F63,#REF!,#REF!) -> #REF!
A64: 62 | B64: =SUBTOTAL(9,$L$3:L64) -> 13 | C64: =IF(Жвх.к!$J63=1,Жвх.к!A63,"") | D64: =IF(Жвх.к!$J64=1,Жвх.к!B64,"") | E64: =IF(Жвх.к!$J64=1,Жвх.к!C64,"") | F64: =IF(Жвх.к!$J64=1,Жвх.к!D64,"") | G64: =IF(Жвх.к!$J64=1,Жвх.к!E64,"") | H64: Соответствуют | I64: - | J64: - | L64: =IF(C64="",0,1) -> 0 | M64: =VLOOKUP(F64,#REF!,#REF!) -> #REF!
A65: 63 | B65: =SUBTOTAL(9,$L$3:L65) -> 13 | C65: =IF(Жвх.к!$J64=1,Жвх.к!A64,"") | D65: =IF(Жвх.к!$J65=1,Жвх.к!B65,"") | E65: =IF(Жвх.к!$J65=1,Жвх.к!C65,"") | F65: =IF(Жвх.к!$J65=1,Жвх.к!D65,"") | G65: =IF(Жвх.к!$J65=1,Жвх.к!E65,"") | H65: Соответствуют | I65: - | J65: - | L65: =IF(C65="",0,1) -> 0 | M65: =VLOOKUP(F65,#REF!,#REF!) -> #REF!
A66: 64 | B66: =SUBTOTAL(9,$L$3:L66) -> 13 | C66: =IF(Жвх.к!$J65=1,Жвх.к!A65,"") | D66: =IF(Жвх.к!$J66=1,Жвх.к!B66,"") | E66: =IF(Жвх.к!$J66=1,Жвх.к!C66,"") | F66: =IF(Жвх.к!$J66=1,Жвх.к!D66,"") | G66: =IF(Жвх.к!$J66=1,Жвх.к!E66,"") | H66: Соответствуют | I66: - | J66: - | L66: =IF(C66="",0,1) -> 0 | M66: =VLOOKUP(F66,#REF!,#REF!) -> #REF!
A67: 65 | B67: =SUBTOTAL(9,$L$3:L67) -> 13 | C67: =IF(Жвх.к!$J66=1,Жвх.к!A66,"") | D67: =IF(Жвх.к!$J67=1,Жвх.к!B67,"") | E67: =IF(Жвх.к!$J67=1,Жвх.к!C67,"") | F67: =IF(Жвх.к!$J67=1,Жвх.к!D67,"") | G67: =IF(Жвх.к!$J67=1,Жвх.к!E67,"") | H67: Соответствуют | I67: - | J67: - | L67: =IF(C67="",0,1) -> 0 | M67: =VLOOKUP(F67,#REF!,#REF!) -> #REF!
A68: 66 | B68: =SUBTOTAL(9,$L$3:L68) -> 13 | C68: =IF(Жвх.к!$J67=1,Жвх.к!A67,"") | D68: =IF(Жвх.к!$J68=1,Жвх.к!B68,"") | E68: =IF(Жвх.к!$J68=1,Жвх.к!C68,"") | F68: =IF(Жвх.к!$J68=1,Жвх.к!D68,"") | G68: =IF(Жвх.к!$J68=1,Жвх.к!E68,"") | H68: Соответствуют | I68: - | J68: - | L68: =IF(C68="",0,1) -> 0 | M68: =VLOOKUP(F68,#REF!,#REF!) -> #REF!
A69: 67 | B69: =SUBTOTAL(9,$L$3:L69) -> 13 | C69: =IF(Жвх.к!$J68=1,Жвх.к!A68,"") | D69: =IF(Жвх.к!$J69=1,Жвх.к!B69,"") | E69: =IF(Жвх.к!$J69=1,Жвх.к!C69,"") | F69: =IF(Жвх.к!$J69=1,Жвх.к!D69,"") | G69: =IF(Жвх.к!$J69=1,Жвх.к!E69,"") | H69: Соответствуют | I69: - | J69: - | L69: =IF(C69="",0,1) -> 0 | M69: =VLOOKUP(F69,#REF!,#REF!) -> #REF!
A70: 68 | B70: =SUBTOTAL(9,$L$3:L70) -> 13 | C70: =IF(Жвх.к!$J69=1,Жвх.к!A69,"") | D70: =IF(Жвх.к!$J70=1,Жвх.к!B70,"") | E70: =IF(Жвх.к!$J70=1,Жвх.к!C70,"") | F70: =IF(Жвх.к!$J70=1,Жвх.к!D70,"") | G70: =IF(Жвх.к!$J70=1,Жвх.к!E70,"") | H70: Соответствуют | I70: - | J70: - | L70: =IF(C70="",0,1) -> 0 | M70: =VLOOKUP(F70,#REF!,#REF!) -> #REF!
A71: 69 | B71: =SUBTOTAL(9,$L$3:L71) -> 13 | C71: =IF(Жвх.к!$J70=1,Жвх.к!A70,"") | D71: =IF(Жвх.к!$J71=1,Жвх.к!B71,"") | E71: =IF(Жвх.к!$J71=1,Жвх.к!C71,"") | F71: =IF(Жвх.к!$J71=1,Жвх.к!D71,"") | G71: =IF(Жвх.к!$J71=1,Жвх.к!E71,"") | H71: Соответствуют | I71: - | J71: - | L71: =IF(C71="",0,1) -> 0 | M71: =VLOOKUP(F71,#REF!,#REF!) -> #REF!
A72: 70 | B72: =SUBTOTAL(9,$L$3:L72) -> 13 | C72: =IF(Жвх.к!$J71=1,Жвх.к!A71,"") | D72: =IF(Жвх.к!$J72=1,Жвх.к!B72,"") | E72: =IF(Жвх.к!$J72=1,Жвх.к!C72,"") | F72: =IF(Жвх.к!$J72=1,Жвх.к!D72,"") | G72: =IF(Жвх.к!$J72=1,Жвх.к!E72,"") | H72: Соответствуют | I72: - | J72: - | L72: =IF(C72="",0,1) -> 0 | M72: =VLOOKUP(F72,#REF!,#REF!) -> #REF!
A73: 71 | B73: =SUBTOTAL(9,$L$3:L73) -> 13 | C73: =IF(Жвх.к!$J72=1,Жвх.к!A72,"") | D73: =IF(Жвх.к!$J73=1,Жвх.к!B73,"") | E73: =IF(Жвх.к!$J73=1,Жвх.к!C73,"") | F73: =IF(Жвх.к!$J73=1,Жвх.к!D73,"") | G73: =IF(Жвх.к!$J73=1,Жвх.к!E73,"") | H73: Соответствуют | I73: - | J73: - | L73: =IF(C73="",0,1) -> 0 | M73: =VLOOKUP(F73,#REF!,#REF!) -> #REF!
A74: 72 | B74: =SUBTOTAL(9,$L$3:L74) -> 13 | C74: =IF(Жвх.к!$J73=1,Жвх.к!A73,"") | D74: =IF(Жвх.к!$J74=1,Жвх.к!B74,"") | E74: =IF(Жвх.к!$J74=1,Жвх.к!C74,"") | F74: =IF(Жвх.к!$J74=1,Жвх.к!D74,"") | G74: =IF(Жвх.к!$J74=1,Жвх.к!E74,"") | H74: Соответствуют | I74: - | J74: - | L74: =IF(C74="",0,1) -> 0 | M74: =VLOOKUP(F74,#REF!,#REF!) -> #REF!
... A84: 82 | B84: =SUBTOTAL(9,$L$3:L84) -> 13 | C84: =IF(Жвх.к!$J83=1,Жвх.к!A83,"") | D84: =IF(Жвх.к!$J84=1,Жвх.к!B84,"") | E84: =IF(Жвх.к!$J84=1,Жвх.к!C84,"") | F84: =IF(Жвх.к!$J84=1,Жвх.к!D84,"") | G84: =IF(Жвх.к!$J84=1,Жвх.к!E84,"") | H84: Соответствуют | I84: - | J84: - | L84: =IF(C84="",0,1) -> 0 | M84: =VLOOKUP(F84,#REF!,#REF!) -> #REF!
A85: 83 | C85: =IF(Жвх.к!$J70=1,Жвх.к!A70,"") | D85: =IF(Жвх.к!$J70=1,Жвх.к!B70,"") | E85: =IF(Жвх.к!$J70=1,Жвх.к!C70,"") | F85: =IF(Жвх.к!$J70=1,Жвх.к!D70,"") | G85: =IF(Жвх.к!$J70=1,Жвх.к!E70,"") | L85: 1
A86: 84 | C86: =IF(Жвх.к!$J71=1,Жвх.к!A71,"") | D86: =IF(Жвх.к!$J71=1,Жвх.к!B71,"") | E86: =IF(Жвх.к!$J71=1,Жвх.к!C71,"") | F86: =IF(Жвх.к!$J71=1,Жвх.к!D71,"") | G86: =IF(Жвх.к!$J71=1,Жвх.к!E71,"") | H86: =CONCATENATE("Журнал закрыт ",'Жвх.к (т)'!R27) -> Журнал закрыт "12" ноября 2024 | L86: 1
A87: =A86+1 -> 85 | C87: =IF(Жвх.к!$J72=1,Жвх.к!A72,"") | D87: =IF(Жвх.к!$J72=1,Жвх.к!B72,"") | E87: =IF(Жвх.к!$J72=1,Жвх.к!C72,"") | F87: =IF(Жвх.к!$J72=1,Жвх.к!D72,"") | G87: =IF(Жвх.к!$J72=1,Жвх.к!E72,"") | L87: 1
A88: =A87+1 -> 86 | C88: =IF(Жвх.к!$J73=1,Жвх.к!A73,"") | D88: =IF(Жвх.к!$J73=1,Жвх.к!B73,"") | E88: =IF(Жвх.к!$J73=1,Жвх.к!C73,"") | F88: =IF(Жвх.к!$J73=1,Жвх.к!D73,"") | G88: =IF(Жвх.к!$J73=1,Жвх.к!E73,"") | L88: 1
A89: =A88+1 -> 87 | C89: =IF(Жвх.к!$J74=1,Жвх.к!A74,"") | D89: =IF(Жвх.к!$J74=1,Жвх.к!B74,"") | E89: =IF(Жвх.к!$J74=1,Жвх.к!C74,"") | F89: =IF(Жвх.к!$J74=1,Жвх.к!D74,"") | G89: =IF(Жвх.к!$J74=1,Жвх.к!E74,"") | L89: 1
A90: =A89+1 -> 88 | C90: =IF(Жвх.к!$J75=1,Жвх.к!A75,"") | D90: =IF(Жвх.к!$J75=1,Жвх.к!B75,"") | E90: =IF(Жвх.к!$J75=1,Жвх.к!C75,"") | F90: =IF(Жвх.к!$J75=1,Жвх.к!D75,"") | G90: =IF(Жвх.к!$J75=1,Жвх.к!E75,"") | L90: 1
A91: =A90+1 -> 89 | C91: =IF(Жвх.к!$J76=1,Жвх.к!A76,"") | D91: =IF(Жвх.к!$J76=1,Жвх.к!B76,"") | E91: =IF(Жвх.к!$J76=1,Жвх.к!C76,"") | F91: =IF(Жвх.к!$J76=1,Жвх.к!D76,"") | G91: =IF(Жвх.к!$J76=1,Жвх.к!E76,"") | L91: 1
A92: =A91+1 -> 90 | C92: =IF(Жвх.к!$J77=1,Жвх.к!A77,"") | D92: =IF(Жвх.к!$J77=1,Жвх.к!B77,"") | E92: =IF(Жвх.к!$J77=1,Жвх.к!C77,"") | F92: =IF(Жвх.к!$J77=1,Жвх.к!D77,"") | G92: =IF(Жвх.к!$J77=1,Жвх.к!E77,"") | L92: 1
A93: =A92+1 -> 91 | C93: =IF(Жвх.к!$J78=1,Жвх.к!A78,"") | D93: =IF(Жвх.к!$J78=1,Жвх.к!B78,"") | E93: =IF(Жвх.к!$J78=1,Жвх.к!C78,"") | F93: =IF(Жвх.к!$J78=1,Жвх.к!D78,"") | G93: =IF(Жвх.к!$J78=1,Жвх.к!E78,"") | L93: 1
A94: =A93+1 -> 92 | C94: =IF(Жвх.к!$J79=1,Жвх.к!A79,"") | D94: =IF(Жвх.к!$J79=1,Жвх.к!B79,"") | E94: =IF(Жвх.к!$J79=1,Жвх.к!C79,"") | F94: =IF(Жвх.к!$J79=1,Жвх.к!D79,"") | G94: =IF(Жвх.к!$J79=1,Жвх.к!E79,"") | L94: 1
A95: =A94+1 -> 93 | C95: =IF(Жвх.к!$J80=1,Жвх.к!A80,"") | D95: =IF(Жвх.к!$J80=1,Жвх.к!B80,"") | E95: =IF(Жвх.к!$J80=1,Жвх.к!C80,"") | F95: =IF(Жвх.к!$J80=1,Жвх.к!D80,"") | G95: =IF(Жвх.к!$J80=1,Жвх.к!E80,"") | L95: 1
A96: =A95+1 -> 94 | C96: =IF(Жвх.к!$J81=1,Жвх.к!A81,"") | D96: =IF(Жвх.к!$J81=1,Жвх.к!B81,"") | E96: =IF(Жвх.к!$J81=1,Жвх.к!C81,"") | F96: =IF(Жвх.к!$J81=1,Жвх.к!D81,"") | G96: =IF(Жвх.к!$J81=1,Жвх.к!E81,"") | L96: 1
A97: =A96+1 -> 95 | C97: =IF(Жвх.к!$J82=1,Жвх.к!A82,"") | D97: =IF(Жвх.к!$J82=1,Жвх.к!B82,"") | E97: =IF(Жвх.к!$J82=1,Жвх.к!C82,"") | F97: =IF(Жвх.к!$J82=1,Жвх.к!D82,"") | G97: =IF(Жвх.к!$J82=1,Жвх.к!E82,"") | L97: 1
A98: =A97+1 -> 96 | C98: =IF(Жвх.к!$J83=1,Жвх.к!A83,"") | D98: =IF(Жвх.к!$J83=1,Жвх.к!B83,"") | E98: =IF(Жвх.к!$J83=1,Жвх.к!C83,"") | F98: =IF(Жвх.к!$J83=1,Жвх.к!D83,"") | G98: =IF(Жвх.к!$J83=1,Жвх.к!E83,"") | L98: 1
... A118: =A117+1 -> 116 | C118: =IF(Жвх.к!$J103=1,Жвх.к!A103,"") | D118: =IF(Жвх.к!$J103=1,Жвх.к!B103,"") | E118: =IF(Жвх.к!$J103=1,Жвх.к!C103,"") | F118: =IF(Жвх.к!$J103=1,Жвх.к!D103,"") | G118: =IF(Жвх.к!$J103=1,Жвх.к!E103,"") | L118: 1
D194: Труба защитная полимерная двухслойная термостойкая для прокладки электрических кабелей, ТЗК ЭНЕРГОПЛАСТ ТС3 DN160Х8,9 SN 16 ТУ 22.21.21-002-16073610-2019 | E194: 1107,7 м | F194: ООО "ЭНЕРГОПЛАСТ" | G194: Сертификат соответствия № ФЦС RU.В1447.ПР12.056 от 01.06.2021 сроком действия до 31.05.2024 | H194: Соответствуют | I194: - | J194: - | L194: =IF(AND(C194="",C193=""),0,1) -> 0 | M194: IЗ-200/22
D195: Муфта концевая для одножильного кабеля сечением 95кв.мм ПКВтО-10-95 | E195: 4 компл | F195: ООО "Научно-производственное предприятие "ЭРГ" | G195: Сертификат соответствия №РОСС RU.HB61.H22663 срок действия с 14.04.2021 по 13.04.2024 | H195: Соответствуют | I195: - | J195: - | L195: =IF(AND(C195="",C194=""),0,1) -> 0 | M195: Отсутствует
D196: Муфта концевая КВТП-10-150/240 | E196: 4 шт. | F196: ООО "Научно-производственное предприятие "ЭРГ" | G196: Сертификат соответствия №РОСС RU.HB61.H22663 срок действия с 14.04.2021 по 13.04.2024 | H196: Соответствуют | I196: - | J196: - | L196: =IF(AND(C196="",C195=""),0,1) -> 0 | M196: Отсутствует
D197: Муфта кабельная соединительная на напряжение 10 кВ для 3-х жильных кабелей с бумажной изоляцией СТП-10-150/240-Л | E197: 10 шт. | F197: ООО "Научно-производственное предприятие "ЭРГ" | G197: Сертификат соответствия №РОСС RU.HB61.H22663 срок действия с 14.04.2021 по 13.04.2024 | H197: Соответствуют | I197: - | J197: - | L197: =IF(AND(C197="",C196=""),0,1) -> 0 | M197: Отсутствует
D198: Силовой кабель на напряжение до 10 кВ с алюминиевыми жилами, с бумажной изоляцией, бронированный, сечением 3х240 (масса 1 км 7760кг) АСБ2л-10 3х240 | E198: 1666,3 м | F198: ООО "Камкабель" | G198: Сертификат соответствия №RU C-RU.АЖ03.В.00123/21 с 24.06.2021 по 23.06.2026г | H198: Соответствуют | I198: - | J198: - | L198: =IF(AND(C198="",C197=""),0,1) -> 0 | M198: IП-57/22
D199: Комплектная однотрансформаторная подстанция проходного типа наружной установки мощностью 400 кВА напряжением 10/0,4кВ. 2хКТПП-400/10/0,4 | E199: 1 компл | F199: ООО "Сарапульский электромеханический завод" | G199: Декаларация о соответствии №РОСС RU Д-RU.РА01.В.10969/22 с 28.03.2022 до 27.03.2025 | H199: Соответствуют | I199: - | J199: - | L199: =IF(AND(C199="",C198=""),0,1) -> 0 | M199: IЗ-81/22
D200: Трансформатор силовой 3-х фазный с естественным масляным охлаждением 400 кВА, напряжением 10кВ ТМГ21-400-10/0,4 | E200: 1 шт. | F200: ОАО "МИНСКИЙ ЭЛЕКТРОТЕХНИЧЕСКИЙ ЗАВОД ИМЕНИ В.И. КОЗЛОВА" | G200: Паспорт №Р-27924407 | H200: Соответствуют | I200: - | J200: - | L200: =IF(AND(C200="",C199=""),0,1) -> 0 | M200: IЗ-104/22
D201: Трансформатор силовой 3-х фазный с естественным масляным охлаждением 400 кВА, напряжением 10кВ ТМГ21-400-10/0,4 | E201: 1 шт. | F201: ОАО "МИНСКИЙ ЭЛЕКТРОТЕХНИЧЕСКИЙ ЗАВОД ИМЕНИ В.И. КОЗЛОВА" | G201: Паспорт №Р-14953758 | H201: Соответствуют | I201: - | J201: - | L201: =IF(AND(C201="",C200=""),0,1) -> 0 | M201: IЗ-104/22
L202: =IF(AND(C202="",C201=""),0,1) -> 0
D203: Журнал закрыт 20.05.2024 | L203: =IF(AND(C203="",C202=""),0,1) -> 0

Sheet АВК 3
H1: Приложение 2
H2: к Положению
A4: ФОРМА | K4: =MID(CELL("имяфайла",A1),SEARCH("]",CELL("имяфайла",A1))+1,LEN(CELL("имяфайла",A1))) -> АВК 3
F5: соответствует | K5: =RIGHT(K4,LEN(K4)-4)+2 -> 5
F7: (результат контроля продукции)
A8: Объект строительства: | D8: ='Жвх.к (т)'!C17 -> Реконструкция ВЛ 10 кВ ДТ-9 от опоры №20 до опоры №115 в части замены опор и провода (протяженностью 8 км), с установкой коммутационных аппаратов в количестве 1 шт.
A9: Заказчик строительства: | D9: ПАО "Россети Ленэнерго"
A11: =CONCATENATE("АКТ № ",INDIRECT("'Форма журнала'!R"&K5&"C2",0)) -> АКТ № 1
A12: ВХОДНОГО КОНТРОЛЯ
G13: =INDIRECT("'Форма журнала'!R"&K5&"C3",0) -> 45607
A14: (место проведения)
A15: Нами, комиссией | C15: ='Жвх.к (т)'!B7 -> ООО «СЭТ» | F15: по Приказу №23/10/24-8 от 23.10.2024г. в составе:
C16: (организация, от которой сформирована комиссия)
A17: Председателя
A18: =CONCATENATE(ПОДПИСИ!B7," ",ПОДПИСИ!C7) -> Директор по строительству ООО «СЭТ» Потоцкий А.А.
A19: и членов комиссии:
B20: =CONCATENATE(ПОДПИСИ!B9," ",ПОДПИСИ!C9) -> Начальник участка ООО «СЭТ» Нугуманов М.А.
B21: (должность, организация, фамилия, имя, отчество)
B22: =CONCATENATE(ПОДПИСИ!B11," ",ПОДПИСИ!C11) -> Ведущий инженер строительного контроля ООО «СЭТ» Кольцов А.Г.
B23: (должность, организация, фамилия, имя, отчество)
B25: (должность, организация, фамилия, имя, отчество)
A26: руководствуясь
A27: Приказом ПАО «Россети Ленэнерго» от 20.01.2020 г. №16 «Положение по организации и осуществлению входного контроля продукции для строительства и реконструкции объектов электросетевого комплекса ПAO «Ленэнерго»
A28: (документ, устанавливающий требования по организации и проведению входного контроля продукции)
A29: составлен настоящий акт о выполненном входном контроле продукции для строительства.
A30: 1. К входному контролю представлена следующая продукция:
A31: =INDIRECT("'Форма журнала'!R"&K5&"C4",0) -> Разъединитель линейный качающего типа, с полимерными изоляторами РЛК.1б-10.IV/630 УХЛ1
A32: (наименование продукции)
A33: 1.1 Наименование, номер документа, удостоверяющего качества и НТД на продукцию:
A34: =INDIRECT("'Форма журнала'!R"&K5&"C7",0) -> Сертификат соответствия РОСС RU.З2001.04ИБФ1.ОСП20.18595 с 20.04.2022 по 19.04.2025 | F34: НТД
A35: (Изготовитель, № документа и дата, № партии, Дата изготовления) | G35: (ГОСТ, ТУ, чертеж КМД)
A36: . | C36: =INDIRECT("'Форма журнала'!R"&K5&"C5",0) -> 1 шт. | F36: Кол-во в партии
C37: (штуки, объем, вес в ед. изм.) | G37: (штуки, объем, вес в ед. изм)
A38: 1.3 Поставщик: | C38: =INDIRECT("'Форма журнала'!R"&K5&"C6",0) -> ООО "КАСПИЙ-ЭЛЕКТРО" | F38: Договор
C39: (наименование организации) | G39: (Реквизиты договора на поставку)
A40: 2. Подготовка продукции к контролю по НТД: | F40: выполнена
F41: (выполнена/не выполнена)
A42: 3. При входном контроле проведены следующие контрольные мероприятия:
A43: Количество, масс, объем проверенной продукции (в ед. изм.) | E43: Вид контроля (НТД) и дата сдачи образцов (проб) на контроль | F43: Приборы контроля | G43: № прибора и дата проверки прибора | H43: № и дата протокола контроля | I43: Заключение по контролю (годен/не годен)
A44: Визуальным осмотром | C44: Инструментальными и приборными методами
A45: 1 | C45: 2 | E45: 3 | F45: 4 | G45: 5 | H45: 6 | I45: 7
A46: =C36 -> 1 шт. | I46: Годен
A48: 4. В результате проведенного входного контроля представленной продукции установлено:
A49: а) Сопроводительные документы | F49: соответствуют
F50: (соотвествуют, не соотвествуют)
A51: б) Комплектность (в т.ч. ЗИП) | F51: соответствует
F52: (соотвествует, не соотвествует)
A53: в) Целостность и сохранность упаковки | F53: соответствует
F54: (соотвествует, не соотвествует)
A55: г) Выполнение консервации: | F55: соответствует
F56: (соотвествует, не соотвествует)
A57: д) Наличие ЗАК/протокола КДО: | F57: =IF(OR(INDIRECT("'Форма журнала'!R"&K5&"C13",0)="",INDIRECT("'Форма журнала'!R"&K5&"C13",0)=0),"отсутствует",INDIRECT("'Форма журнала'!R"&K5&"C13",0)) -> Отсутствует
F58: (соотвествует, не соотвествует)
A59: Проверенная продукция для последующего применения признана | H59: пригодной
H60: (пригодной/непригодной)
A61: и | B61: допущена | E61: к применению | F61: к монтажу
B62: (допущена/не допущена) | F62: (указать последующие действия с пригодной продукцией)
A63: Продукция признана непригодной по следующим причинам:
A65: (указать причины отбраковки, документальные результаты контроля,
A67: протоколы, испытания и прочие документы)
A70: Непригодная продукция подлежит
E71: (указать последующие действия с непригодной продукцией)
A73: Председатель: | C73: =A18 -> Директор по строительству ООО «СЭТ» Потоцкий А.А.
C74: (Должность, организация, подпись, Фамилия И.О.)
A76: Члены комиссии: | C76: =B20 -> Начальник участка ООО «СЭТ» Нугуманов М.А.
C77: (Должность, организация, подпись, Фамилия И.О.)
C78: =B22 -> Ведущий инженер строительного контроля ООО «СЭТ» Кольцов А.Г.
C79: (Должность, организация, подпись, Фамилия И.О.)
C81: (Должность, организация, подпись, Фамилия И.О.)
A83: Присутствующие:
A84: =CONCATENATE(ПОДПИСИ!B13," ",ПОДПИСИ!C13) -> Ведущий инженер отдела строительного контроля АО "ЛЭСР" Сафуанова В.А.
A85: (Должность, организация, подпись, Фамилия И.О.)
A87: Особые отметки:

Sheet Титул (СМР и Рек.)
V1: Приложение 3 к Положению
A5: ООО "Ясень-Электро"
A6: (Наименование организации)
B9: ЖУРНАЛ
B10: УЧЕТА РЕЗУЛЬТАТОВ ВХОДНОГО КОНТРОЛЯ
B11: ПРОДУКЦИИ ДЛЯ СТРОИТЕЛЬСТВА, РЕКОНСТРУКЦИИ
A13: Строительство двухтрансформаторной КТПН-6/0,4кВ с установкой двух трансформаторов мощностью не менее 0,160 МВА каждый, 2КЛ-6кВ длиной 2х0,4км, в том числе методом ГНБ длиной 2х0,25км, 2КЛ-0,4кВ длиной 2х0,02км, 2ВЛ-0,4км длиной 2х0,03км для технологического присоединения энергопринимающих устройств заявителя ИП Соболев В.В. по адресу: Ленинградская область, Ломоносовский район, МО «Низинское сельское поселение», деревня «Троицкая Гора», квартал 8, уч. 3 (22-036576)
A15: (Наименование объекта строительства, реконструкции)
T27: Начат | AA27: 20 | AC27: г.
T29: Окончен | AA29: 20 | AC29: г.

Sheet Лист регистрации АВК по спец.
J1: Лист 1
A2: Лист регистрации актов входного контроля продукции для строительства получаемой или приобретаемой по спецификации, представленной в составе рабочей документации
A3: № п/п | B3: Дата акта входного контроля | C3: № акта входного контроля | D3: Наименование продукции (тип, марка, обозначение НТД) | E3: Поставщик продукции | F3: Предприятие - изготовитель продукции | G3: № партии, заводской номер | H3: Количество, масса, объем проверенной продукции (в ед. изм.) | I3: Заключение о соответствии продукции требованиям НТД | J3: Подтверждение представителя строительного контроля Заказчика о выполнении в полном объеме процедуры входного контроля
A4: 1 | B4: 2 | C4: 3 | D4: 4 | E4: 5 | F4: 6 | G4: 7 | H4: 8 | I4: 9 | J4: 10

Sheet Лист регистрации АВК вне спец.
M1: Лист 2
A2: Лист учета результатов входного контроля приобретаемой продукции для строительства не учтенной в спецификациях рабочей документации
A3: Дата поступления | B3: Наименование продукции (тип, марка, обозначение НТД) | C3: Поставщик продукции | D3: Реквизиты документа о качестве продукции (Изготовитель, выдавший документ, номер и дата выдачи) | E3: № партии, заводской номер | F3: Количество, масса, объем продукции в партии (в ед. изм.) | G3: Количество, масса, объем поступившей продукции (в ед. изм.) | H3: Количество, масса, объем проверенной продукции (в ед. изм.) | I3: Дата передачи образцов (проб) на испытания | J3: Номер и дата протокола испытаний образцов (проб) | K3: Заключение о соответствии продукции требованиям НТД | L3: Подпись ответственного лица выполнившего входной контроль продукции | M3: Подтверждение представителя строительного контроля Заказчика о выполнении в полном объеме процедуры входного контроля
A4: 1 | B4: 2 | C4: 3 | D4: 4 | E4: 5 | F4: 6 | G4: 7 | H4: 8 | I4: 9 | J4: 10 | K4: 11 | L4: 12 | M4: 13

Sheet АВК 4
H1: Приложение 2
H2: к Положению
A4: ФОРМА | K4: =MID(CELL("имяфайла",A1),SEARCH("]",CELL("имяфайла",A1))+1,LEN(CELL("имяфайла",A1))) -> АВК 4
F5: соответствует | K5: =RIGHT(K4,LEN(K4)-4)+2 -> 6
F7: (результат контроля продукции)
A8: Объект строительства: | D8: ='Жвх.к (т)'!C17 -> Реконструкция ВЛ 10 кВ ДТ-9 от опоры №20 до опоры №115 в части замены опор и провода (протяженностью 8 км), с установкой коммутационных аппаратов в количестве 1 шт.
A9: Заказчик строительства: | D9: ПАО "Россети Ленэнерго"
A11: =CONCATENATE("АКТ № ",INDIRECT("'Форма журнала'!R"&K5&"C2",0)) -> АКТ № 2
A12: ВХОДНОГО КОНТРОЛЯ
G13: =INDIRECT("'Форма журнала'!R"&K5&"C3",0) -> 45607
A14: (место проведения)
A15: Нами, комиссией | C15: ='Жвх.к (т)'!B7 -> ООО «СЭТ» | F15: по Приказу №23/10/24-8 от 23.10.2024г. в составе:
C16: (организация, от которой сформирована комиссия)
A17: Председателя
A18: =CONCATENATE(ПОДПИСИ!B7," ",ПОДПИСИ!C7) -> Директор по строительству ООО «СЭТ» Потоцкий А.А.
A19: и членов комиссии:
B20: =CONCATENATE(ПОДПИСИ!B9," ",ПОДПИСИ!C9) -> Начальник участка ООО «СЭТ» Нугуманов М.А.
B21: (должность, организация, фамилия, имя, отчество)
B22: =CONCATENATE(ПОДПИСИ!B11," ",ПОДПИСИ!C11) -> Ведущий инженер строительного контроля ООО «СЭТ» Кольцов А.Г.
B23: (должность, организация, фамилия, имя, отчество)
B25: (должность, организация, фамилия, имя, отчество)
A26: руководствуясь
A27: Приказом ПАО «Россети Ленэнерго» от 20.01.2020 г. №16 «Положение по организации и осуществлению входного контроля продукции для строительства и реконструкции объектов электросетевого комплекса ПAO «Ленэнерго»
A28: (документ, устанавливающий требования по организации и проведению входного контроля продукции)
A29: составлен настоящий акт о выполненном входном контроле продукции для строительства.
A30: 1. К входному контролю представлена следующая продукция:
A31: =INDIRECT("'Форма журнала'!R"&K5&"C4",0) -> Разрядник мультикамерный РМК-20-IV-УХЛ1
A32: (наименование продукции)
A33: 1.1 Наименование, номер документа, удостоверяющего качества и НТД на продукцию:
A34: =INDIRECT("'Форма журнала'!R"&K5&"C7",0) -> Сертификат соответствия №РОСС RU.ЕФ01.Н00004-22 с 10.04.2022 по 09.04.2025 | F34: НТД
A35: (Изготовитель, № документа и дата, № партии, Дата изготовления) | G35: (ГОСТ, ТУ, чертеж КМД)
A36: . | C36: =INDIRECT("'Форма журнала'!R"&K5&"C5",0) -> 108 шт. | F36: Кол-во в партии
C37: (штуки, объем, вес в ед. изм.) | G37: (штуки, объем, вес в ед. изм)
A38: 1.3 Поставщик: | C38: =INDIRECT("'Форма журнала'!R"&K5&"C6",0) -> АО "НПО "Стример" | F38: Договор
C39: (наименование организации) | G39: (Реквизиты договора на поставку)
A40: 2. Подготовка продукции к контролю по НТД: | F40: выполнена
F41: (выполнена/не выполнена)
A42: 3. При входном контроле проведены следующие контрольные мероприятия:
A43: Количество, масс, объем проверенной продукции (в ед. изм.) | E43: Вид контроля (НТД) и дата сдачи образцов (проб) на контроль | F43: Приборы контроля | G43: № прибора и дата проверки прибора | H43: № и дата протокола контроля | I43: Заключение по контролю (годен/не годен)
A44: Визуальным осмотром | C44: Инструментальными и приборными методами
A45: 1 | C45: 2 | E45: 3 | F45: 4 | G45: 5 | H45: 6 | I45: 7
A46: =C36 -> 108 шт. | I46: Годен
A48: 4. В результате проведенного входного контроля представленной продукции установлено:
A49: а) Сопроводительные документы | F49: соответствуют
F50: (соотвествуют, не соотвествуют)
A51: б) Комплектность (в т.ч. ЗИП) | F51: соответствует
F52: (соотвествует, не соотвествует)
A53: в) Целостность и сохранность упаковки | F53: соответствует
F54: (соотвествует, не соотвествует)
A55: г) Выполнение консервации: | F55: соответствует
F56: (соотвествует, не соотвествует)
A57: д) Наличие ЗАК/протокола КДО: | F57: =IF(OR(INDIRECT("'Форма журнала'!R"&K5&"C13",0)="",INDIRECT("'Форма журнала'!R"&K5&"C13",0)=0),"отсутствует",INDIRECT("'Форма журнала'!R"&K5&"C13",0)) -> I3-224/15
F58: (соотвествует, не соотвествует)
A59: Проверенная продукция для последующего применения признана | H59: пригодной
H60: (пригодной/непригодной)
A61: и | B61: допущена | E61: к применению | F61: к монтажу
B62: (допущена/не допущена) | F62: (указать последующие действия с пригодной продукцией)
A63: Продукция признана непригодной по следующим причинам:
A65: (указать причины отбраковки, документальные результаты контроля,
A67: протоколы, испытания и прочие документы)
A70: Непригодная продукция подлежит
E71: (указать последующие действия с непригодной продукцией)
A73: Председатель: | C73: =A18 -> Директор по строительству ООО «СЭТ» Потоцкий А.А.
C74: (Должность, организация, подпись, Фамилия И.О.)
A76: Члены комиссии: | C76: =B20 -> Начальник участка ООО «СЭТ» Нугуманов М.А.
C77: (Должность, организация, подпись, Фамилия И.О.)
C78: =B22 -> Ведущий инженер строительного контроля ООО «СЭТ» Кольцов А.Г.
C79: (Должность, организация, подпись, Фамилия И.О.)
C81: (Должность, организация, подпись, Фамилия И.О.)
A83: Присутствующие:
A84: =CONCATENATE(ПОДПИСИ!B13," ",ПОДПИСИ!C13) -> Ведущий инженер отдела строительного контроля АО "ЛЭСР" Сафуанова В.А.
A85: (Должность, организация, подпись, Фамилия И.О.)
A87: Особые отметки:

Sheet АВК 5
H1: Приложение 2
H2: к Положению
A4: ФОРМА | K4: =MID(CELL("имяфайла",A1),SEARCH("]",CELL("имяфайла",A1))+1,LEN(CELL("имяфайла",A1))) -> АВК 5
F5: соответствует | K5: =RIGHT(K4,LEN(K4)-4)+2 -> 7
F7: (результат контроля продукции)
A8: Объект строительства: | D8: ='Жвх.к (т)'!C17 -> Реконструкция ВЛ 10 кВ ДТ-9 от опоры №20 до опоры №115 в части замены опор и провода (протяженностью 8 км), с установкой коммутационных аппаратов в количестве 1 шт.
A9: Заказчик строительства: | D9: ПАО "Россети Ленэнерго"
A11: =CONCATENATE("АКТ № ",INDIRECT("'Форма журнала'!R"&K5&"C2",0)) -> АКТ № 3
A12: ВХОДНОГО КОНТРОЛЯ
G13: =INDIRECT("'Форма журнала'!R"&K5&"C3",0) -> 45607
A14: (место проведения)
A15: Нами, комиссией | C15: ='Жвх.к (т)'!B7 -> ООО «СЭТ» | F15: по Приказу №23/10/24-8 от 23.10.2024г. в составе:
C16: (организация, от которой сформирована комиссия)
A17: Председателя
A18: =CONCATENATE(ПОДПИСИ!B7," ",ПОДПИСИ!C7) -> Директор по строительству ООО «СЭТ» Потоцкий А.А.
A19: и членов комиссии:
B20: =CONCATENATE(ПОДПИСИ!B9," ",ПОДПИСИ!C9) -> Начальник участка ООО «СЭТ» Нугуманов М.А.
B21: (должность, организация, фамилия, имя, отчество)
B22: =CONCATENATE(ПОДПИСИ!B11," ",ПОДПИСИ!C11) -> Ведущий инженер строительного контроля ООО «СЭТ» Кольцов А.Г.
B23: (должность, организация, фамилия, имя, отчество)
B25: (должность, организация, фамилия, имя, отчество)
A26: руководствуясь
A27: Приказом ПАО «Россети Ленэнерго» от 20.01.2020 г. №16 «Положение по организации и осуществлению входного контроля продукции для строительства и реконструкции объектов электросетевого комплекса ПAO «Ленэнерго»
A28: (документ, устанавливающий требования по организации и проведению входного контроля продукции)
A29: составлен настоящий акт о выполненном входном контроле продукции для строительства.
A30: 1. К входному контролю представлена следующая продукция:
A31: =INDIRECT("'Форма журнала'!R"&K5&"C4",0) -> Разрядник мультикамерный экранного типа РМКЭ-10-IV-УХЛ1
A32: (наименование продукции)
A33: 1.1 Наименование, номер документа, удостоверяющего качества и НТД на продукцию:
A34: =INDIRECT("'Форма журнала'!R"&K5&"C7",0) -> Сертификат соответствия №РОСС RU.ЕФ01.Н00004-22 с 10.04.2022 по 09.04.2025 | F34: НТД
A35: (Изготовитель, № документа и дата, № партии, Дата изготовления) | G35: (ГОСТ, ТУ, чертеж КМД)
A36: . | C36: =INDIRECT("'Форма журнала'!R"&K5&"C5",0) -> 30 шт. | F36: Кол-во в партии
C37: (штуки, объем, вес в ед. изм.) | G37: (штуки, объем, вес в ед. изм)
A38: 1.3 Поставщик: | C38: =INDIRECT("'Форма журнала'!R"&K5&"C6",0) -> АО "НПО "Стример" | F38: Договор
C39: (наименование организации) | G39: (Реквизиты договора на поставку)
A40: 2. Подготовка продукции к контролю по НТД: | F40: выполнена
F41: (выполнена/не выполнена)
A42: 3. При входном контроле проведены следующие контрольные мероприятия:
A43: Количество, масс, объем проверенной продукции (в ед. изм.) | E43: Вид контроля (НТД) и дата сдачи образцов (проб) на контроль | F43: Приборы контроля | G43: № прибора и дата проверки прибора | H43: № и дата протокола контроля | I43: Заключение по контролю (годен/не годен)
A44: Визуальным осмотром | C44: Инструментальными и приборными методами
A45: 1 | C45: 2 | E45: 3 | F45: 4 | G45: 5 | H45: 6 | I45: 7
A46: =C36 -> 30 шт. | I46: Годен
A48: 4. В результате проведенного входного контроля представленной продукции установлено:
A49: а) Сопроводительные документы | F49: соответствуют
F50: (соотвествуют, не соотвествуют)
A51: б) Комплектность (в т.ч. ЗИП) | F51: соответствует
F52: (соотвествует, не соотвествует)
A53: в) Целостность и сохранность упаковки | F53: соответствует
F54: (соотвествует, не соотвествует)
A55: г) Выполнение консервации: | F55: соответствует
F56: (соотвествует, не соотвествует)
A57: д) Наличие ЗАК/протокола КДО: | F57: =IF(OR(INDIRECT("'Форма журнала'!R"&K5&"C13",0)="",INDIRECT("'Форма журнала'!R"&K5&"C13",0)=0),"отсутствует",INDIRECT("'Форма журнала'!R"&K5&"C13",0)) -> I3-224/15
F58: (соотвествует, не соотвествует)
A59: Проверенная продукция для последующего применения признана | H59: пригодной
H60: (пригодной/непригодной)
A61: и | B61: допущена | E61: к применению | F61: к монтажу
B62: (допущена/не допущена) | F62: (указать последующие действия с пригодной продукцией)
A63: Продукция признана непригодной по следующим причинам:
A65: (указать причины отбраковки, документальные результаты контроля,
A67: протоколы, испытания и прочие документы)
A70: Непригодная продукция подлежит
E71: (указать последующие действия с непригодной продукцией)
A73: Председатель: | C73: =A18 -> Директор по строительству ООО «СЭТ» Потоцкий А.А.
C74: (Должность, организация, подпись, Фамилия И.О.)
A76: Члены комиссии: | C76: =B20 -> Начальник участка ООО «СЭТ» Нугуманов М.А.
C77: (Должность, организация, подпись, Фамилия И.О.)
C78: =B22 -> Ведущий инженер строительного контроля ООО «СЭТ» Кольцов А.Г.
C79: (Должность, организация, подпись, Фамилия И.О.)
C81: (Должность, организация, подпись, Фамилия И.О.)
A83: Присутствующие:
A84: =CONCATENATE(ПОДПИСИ!B13," ",ПОДПИСИ!C13) -> Ведущий инженер отдела строительного контроля АО "ЛЭСР" Сафуанова В.А.
A85: (Должность, организация, подпись, Фамилия И.О.)
A87: Особые отметки:

Sheet АВК 7
H1: Приложение 2
H2: к Положению
A4: ФОРМА | K4: =MID(CELL("имяфайла",A1),SEARCH("]",CELL("имяфайла",A1))+1,LEN(CELL("имяфайла",A1))) -> АВК 7
F5: соответствует | K5: =RIGHT(K4,LEN(K4)-4)+2 -> 9
F7: (результат контроля продукции)
A8: Объект строительства: | D8: ='Жвх.к (т)'!C17 -> Реконструкция ВЛ 10 кВ ДТ-9 от опоры №20 до опоры №115 в части замены опор и провода (протяженностью 8 км), с установкой коммутационных аппаратов в количестве 1 шт.
A9: Заказчик строительства: | D9: ПАО "Россети Ленэнерго"
A11: =CONCATENATE("АКТ № ",INDIRECT("'Форма журнала'!R"&K5&"C2",0)) -> АКТ № 4
A12: ВХОДНОГО КОНТРОЛЯ
G13: =INDIRECT("'Форма журнала'!R"&K5&"C3",0) -> 45607
A14: (место проведения)
A15: Нами, комиссией | C15: ='Жвх.к (т)'!B7 -> ООО «СЭТ» | F15: по Приказу №23/10/24-8 от 23.10.2024г. в составе:
C16: (организация, от которой сформирована комиссия)
A17: Председателя
A18: =CONCATENATE(ПОДПИСИ!B7," ",ПОДПИСИ!C7) -> Директор по строительству ООО «СЭТ» Потоцкий А.А.
A19: и членов комиссии:
B20: =CONCATENATE(ПОДПИСИ!B9," ",ПОДПИСИ!C9) -> Начальник участка ООО «СЭТ» Нугуманов М.А.
B21: (должность, организация, фамилия, имя, отчество)
B22: =CONCATENATE(ПОДПИСИ!B11," ",ПОДПИСИ!C11) -> Ведущий инженер строительного контроля ООО «СЭТ» Кольцов А.Г.
B23: (должность, организация, фамилия, имя, отчество)
B25: (должность, организация, фамилия, имя, отчество)
A26: руководствуясь
A27: Приказом ПАО «Россети Ленэнерго» от 20.01.2020 г. №16 «Положение по организации и осуществлению входного контроля продукции для строительства и реконструкции объектов электросетевого комплекса ПAO «Ленэнерго»
A28: (документ, устанавливающий требования по организации и проведению входного контроля продукции)
A29: составлен настоящий акт о выполненном входном контроле продукции для строительства.
A30: 1. К входному контролю представлена следующая продукция:
A31: =INDIRECT("'Форма журнала'!R"&K5&"C4",0) -> Провод линии СИП-3 1х120
A32: (наименование продукции)
A33: 1.1 Наименование, номер документа, удостоверяющего качества и НТД на продукцию:
A34: =INDIRECT("'Форма журнала'!R"&K5&"C7",0) -> Паспорт качества №№24Т1-5845 от 21.07.2024 г.; Паспорт качества №№24Т1-5844 от 21.07.2024 г.; Паспорт качества №№24Т1-5847 от 21.07.2024 г; Паспорт качества №№24Т1-5851 от 21.07.2024 г. | F34: НТД
A35: (Изготовитель, № документа и дата, № партии, Дата изготовления) | G35: (ГОСТ, ТУ, чертеж КМД)
A36: . | C36: =INDIRECT("'Форма журнала'!R"&K5&"C5",0) -> 18387 м | F36: Кол-во в партии
C37: (штуки, объем, вес в ед. изм.) | G37: (штуки, объем, вес в ед. изм)
A38: 1.3 Поставщик: | C38: =INDIRECT("'Форма журнала'!R"&K5&"C6",0) -> ООО "КЗ "ЦВЕТЛИТ" | F38: Договор
C39: (наименование организации) | G39: (Реквизиты договора на поставку)
A40: 2. Подготовка продукции к контролю по НТД: | F40: выполнена
F41: (выполнена/не выполнена)
A42: 3. При входном контроле проведены следующие контрольные мероприятия:
A43: Количество, масс, объем проверенной продукции (в ед. изм.) | E43: Вид контроля (НТД) и дата сдачи образцов (проб) на контроль | F43: Приборы контроля | G43: № прибора и дата проверки прибора | H43: № и дата протокола контроля | I43: Заключение по контролю (годен/не годен)
A44: Визуальным осмотром | C44: Инструментальными и приборными методами
A45: 1 | C45: 2 | E45: 3 | F45: 4 | G45: 5 | H45: 6 | I45: 7
A46: =C36 -> 18387 м | I46: Годен
A48: 4. В результате проведенного входного контроля представленной продукции установлено:
A49: а) Сопроводительные документы | F49: соответствуют
F50: (соотвествуют, не соотвествуют)
A51: б) Комплектность (в т.ч. ЗИП) | F51: соответствует
F52: (соотвествует, не соотвествует)
A53: в) Целостность и сохранность упаковки | F53: соответствует
F54: (соотвествует, не соотвествует)
A55: г) Выполнение консервации: | F55: соответствует
F56: (соотвествует, не соотвествует)
A57: д) Наличие ЗАК/протокола КДО: | F57: =IF(OR(INDIRECT("'Форма журнала'!R"&K5&"C13",0)="",INDIRECT("'Форма журнала'!R"&K5&"C13",0)=0),"отсутствует",INDIRECT("'Форма журнала'!R"&K5&"C13",0)) -> IЗ-206/20
F58: (соотвествует, не соотвествует)
A59: Проверенная продукция для последующего применения признана | H59: пригодной
H60: (пригодной/непригодной)
A61: и | B61: допущена | E61: к применению | F61: к монтажу
B62: (допущена/не допущена) | F62: (указать последующие действия с пригодной продукцией)
A63: Продукция признана непригодной по следующим причинам:
A65: (указать причины отбраковки, документальные результаты контроля,
A67: протоколы, испытания и прочие документы)
A70: Непригодная продукция подлежит
E71: (указать последующие действия с непригодной продукцией)
A73: Председатель: | C73: =A18 -> Директор по строительству ООО «СЭТ» Потоцкий А.А.
C74: (Должность, организация, подпись, Фамилия И.О.)
A76: Члены комиссии: | C76: =B20 -> Начальник участка ООО «СЭТ» Нугуманов М.А.
C77: (Должность, организация, подпись, Фамилия И.О.)
C78: =B22 -> Ведущий инженер строительного контроля ООО «СЭТ» Кольцов А.Г.
C79: (Должность, организация, подпись, Фамилия И.О.)
C81: (Должность, организация, подпись, Фамилия И.О.)
A83: Присутствующие:
A84: =CONCATENATE(ПОДПИСИ!B13," ",ПОДПИСИ!C13) -> Ведущий инженер отдела строительного контроля АО "ЛЭСР" Сафуанова В.А.
A85: (Должность, организация, подпись, Фамилия И.О.)
A87: Особые отметки:

Sheet АВК 8
H1: Приложение 2
H2: к Положению
A4: ФОРМА | K4: =MID(CELL("имяфайла",A1),SEARCH("]",CELL("имяфайла",A1))+1,LEN(CELL("имяфайла",A1))) -> АВК 8
F5: соответствует | K5: =RIGHT(K4,LEN(K4)-4)+2 -> 10
F7: (результат контроля продукции)
A8: Объект строительства: | D8: ='Жвх.к (т)'!C17 -> Реконструкция ВЛ 10 кВ ДТ-9 от опоры №20 до опоры №115 в части замены опор и провода (протяженностью 8 км), с установкой коммутационных аппаратов в количестве 1 шт.
A9: Заказчик строительства: | D9: ПАО "Россети Ленэнерго"
A11: =CONCATENATE("АКТ № ",INDIRECT("'Форма журнала'!R"&K5&"C2",0)) -> АКТ № 5
A12: ВХОДНОГО КОНТРОЛЯ
G13: =INDIRECT("'Форма журнала'!R"&K5&"C3",0) -> 45607
A14: (место проведения)
A15: Нами, комиссией | C15: ='Жвх.к (т)'!B7 -> ООО «СЭТ» | F15: по Приказу №23/10/24-8 от 23.10.2024г. в составе:
C16: (организация, от которой сформирована комиссия)
A17: Председателя
A18: =CONCATENATE(ПОДПИСИ!B7," ",ПОДПИСИ!C7) -> Директор по строительству ООО «СЭТ» Потоцкий А.А.
A19: и членов комиссии:
B20: =CONCATENATE(ПОДПИСИ!B9," ",ПОДПИСИ!C9) -> Начальник участка ООО «СЭТ» Нугуманов М.А.
B21: (должность, организация, фамилия, имя, отчество)
B22: =CONCATENATE(ПОДПИСИ!B11," ",ПОДПИСИ!C11) -> Ведущий инженер строительного контроля ООО «СЭТ» Кольцов А.Г.
B23: (должность, организация, фамилия, имя, отчество)
B25: (должность, организация, фамилия, имя, отчество)
A26: руководствуясь
A27: Приказом ПАО «Россети Ленэнерго» от 20.01.2020 г. №16 «Положение по организации и осуществлению входного контроля продукции для строительства и реконструкции объектов электросетевого комплекса ПAO «Ленэнерго»
A28: (документ, устанавливающий требования по организации и проведению входного контроля продукции)
A29: составлен настоящий акт о выполненном входном контроле продукции для строительства.
A30: 1. К входному контролю представлена следующая продукция:
A31: =INDIRECT("'Форма журнала'!R"&K5&"C4",0) -> Стойка железобетонная СВ110-3,5 (у)
A32: (наименование продукции)
A33: 1.1 Наименование, номер документа, удостоверяющего качества и НТД на продукцию:
A34: =INDIRECT("'Форма журнала'!R"&K5&"C7",0) -> Сертификат соответствия №РОСС BY.HB61.H30298 от 09.11.2021 сроком действия до 08.11.2024 | F34: НТД
A35: (Изготовитель, № документа и дата, № партии, Дата изготовления) | G35: (ГОСТ, ТУ, чертеж КМД)
A36: . | C36: =INDIRECT("'Форма журнала'!R"&K5&"C5",0) -> 6 шт. | F36: Кол-во в партии
C37: (штуки, объем, вес в ед. изм.) | G37: (штуки, объем, вес в ед. изм)
A38: 1.3 Поставщик: | C38: =INDIRECT("'Форма журнала'!R"&K5&"C6",0) -> ЗАО "Митеп-Волга" | F38: Договор
C39: (наименование организации) | G39: (Реквизиты договора на поставку)
A40: 2. Подготовка продукции к контролю по НТД: | F40: выполнена
F41: (выполнена/не выполнена)
A42: 3. При входном контроле проведены следующие контрольные мероприятия:
A43: Количество, масс, объем проверенной продукции (в ед. изм.) | E43: Вид контроля (НТД) и дата сдачи образцов (проб) на контроль | F43: Приборы контроля | G43: № прибора и дата проверки прибора | H43: № и дата протокола контроля | I43: Заключение по контролю (годен/не годен)
A44: Визуальным осмотром | C44: Инструментальными и приборными методами
A45: 1 | C45: 2 | E45: 3 | F45: 4 | G45: 5 | H45: 6 | I45: 7
A46: =C36 -> 6 шт. | I46: Годен
A48: 4. В результате проведенного входного контроля представленной продукции установлено:
A49: а) Сопроводительные документы | F49: соответствуют
F50: (соотвествуют, не соотвествуют)
A51: б) Комплектность (в т.ч. ЗИП) | F51: соответствует
F52: (соотвествует, не соотвествует)
A53: в) Целостность и сохранность упаковки | F53: соответствует
F54: (соотвествует, не соотвествует)
A55: г) Выполнение консервации: | F55: соответствует
F56: (соотвествует, не соотвествует)
A57: д) Наличие ЗАК/протокола КДО: | F57: =IF(OR(INDIRECT("'Форма журнала'!R"&K5&"C13",0)="",INDIRECT("'Форма журнала'!R"&K5&"C13",0)=0),"отсутствует",INDIRECT("'Форма журнала'!R"&K5&"C13",0)) -> IЗ-159/20
F58: (соотвествует, не соотвествует)
A59: Проверенная продукция для последующего применения признана | H59: пригодной
H60: (пригодной/непригодной)
A61: и | B61: допущена | E61: к применению | F61: к монтажу
B62: (допущена/не допущена) | F62: (указать последующие действия с пригодной продукцией)
A63: Продукция признана непригодной по следующим причинам:
A65: (указать причины отбраковки, документальные результаты контроля,
A67: протоколы, испытания и прочие документы)
A70: Непригодная продукция подлежит
E71: (указать последующие действия с непригодной продукцией)
A73: Председатель: | C73: =A18 -> Директор по строительству ООО «СЭТ» Потоцкий А.А.
C74: (Должность, организация, подпись, Фамилия И.О.)
A76: Члены комиссии: | C76: =B20 -> Начальник участка ООО «СЭТ» Нугуманов М.А.
C77: (Должность, организация, подпись, Фамилия И.О.)
C78: =B22 -> Ведущий инженер строительного контроля ООО «СЭТ» Кольцов А.Г.
C79: (Должность, организация, подпись, Фамилия И.О.)
C81: (Должность, организация, подпись, Фамилия И.О.)
A83: Присутствующие:
A84: =CONCATENATE(ПОДПИСИ!B13," ",ПОДПИСИ!C13) -> Ведущий инженер отдела строительного контроля АО "ЛЭСР" Сафуанова В.А.
A85: (Должность, организация, подпись, Фамилия И.О.)
A87: Особые отметки:

Sheet АВК 10
H1: Приложение 2
H2: к Положению
A4: ФОРМА | K4: =MID(CELL("имяфайла",A1),SEARCH("]",CELL("имяфайла",A1))+1,LEN(CELL("имяфайла",A1))) -> АВК 10
F5: соответствует | K5: =RIGHT(K4,LEN(K4)-4)+2 -> 12
F7: (результат контроля продукции)
A8: Объект строительства: | D8: ='Жвх.к (т)'!C17 -> Реконструкция ВЛ 10 кВ ДТ-9 от опоры №20 до опоры №115 в части замены опор и провода (протяженностью 8 км), с установкой коммутационных аппаратов в количестве 1 шт.
A9: Заказчик строительства: | D9: ПАО "Россети Ленэнерго"
A11: =CONCATENATE("АКТ № ",INDIRECT("'Форма журнала'!R"&K5&"C2",0)) -> АКТ № 6
A12: ВХОДНОГО КОНТРОЛЯ
G13: =INDIRECT("'Форма журнала'!R"&K5&"C3",0) -> 45607
A14: (место проведения)
A15: Нами, комиссией | C15: ='Жвх.к (т)'!B7 -> ООО «СЭТ» | F15: по Приказу №23/10/24-8 от 23.10.2024г. в составе:
C16: (организация, от которой сформирована комиссия)
A17: Председателя
A18: =CONCATENATE(ПОДПИСИ!B7," ",ПОДПИСИ!C7) -> Директор по строительству ООО «СЭТ» Потоцкий А.А.
A19: и членов комиссии:
B20: =CONCATENATE(ПОДПИСИ!B9," ",ПОДПИСИ!C9) -> Начальник участка ООО «СЭТ» Нугуманов М.А.
B21: (должность, организация, фамилия, имя, отчество)
B22: =CONCATENATE(ПОДПИСИ!B11," ",ПОДПИСИ!C11) -> Ведущий инженер строительного контроля ООО «СЭТ» Кольцов А.Г.
B23: (должность, организация, фамилия, имя, отчество)
B25: (должность, организация, фамилия, имя, отчество)
A26: руководствуясь
A27: Приказом ПАО «Россети Ленэнерго» от 20.01.2020 г. №16 «Положение по организации и осуществлению входного контроля продукции для строительства и реконструкции объектов электросетевого комплекса ПAO «Ленэнерго»
A28: (документ, устанавливающий требования по организации и проведению входного контроля продукции)
A29: составлен настоящий акт о выполненном входном контроле продукции для строительства.
A30: 1. К входному контролю представлена следующая продукция:
A31: =INDIRECT("'Форма журнала'!R"&K5&"C4",0) -> Траверса ТМ63
A32: (наименование продукции)
A33: 1.1 Наименование, номер документа, удостоверяющего качества и НТД на продукцию:
A34: =INDIRECT("'Форма журнала'!R"&K5&"C7",0) -> Сертификат соответствия №РОСС RU.НЕ06.Н05218 от 12.04.2023 сроком действия до 11.04.2026 | F34: НТД
A35: (Изготовитель, № документа и дата, № партии, Дата изготовления) | G35: (ГОСТ, ТУ, чертеж КМД)
A36: . | C36: =INDIRECT("'Форма журнала'!R"&K5&"C5",0) -> 2 шт. | F36: Кол-во в партии
C37: (штуки, объем, вес в ед. изм.) | G37: (штуки, объем, вес в ед. изм)
A38: 1.3 Поставщик: | C38: =INDIRECT("'Форма журнала'!R"&K5&"C6",0) -> ООО "НИЛЕД" | F38: Договор
C39: (наименование организации) | G39: (Реквизиты договора на поставку)
A40: 2. Подготовка продукции к контролю по НТД: | F40: выполнена
F41: (выполнена/не выполнена)
A42: 3. При входном контроле проведены следующие контрольные мероприятия:
A43: Количество, масс, объем проверенной продукции (в ед. изм.) | E43: Вид контроля (НТД) и дата сдачи образцов (проб) на контроль | F43: Приборы контроля | G43: № прибора и дата проверки прибора | H43: № и дата протокола контроля | I43: Заключение по контролю (годен/не годен)
A44: Визуальным осмотром | C44: Инструментальными и приборными методами
A45: 1 | C45: 2 | E45: 3 | F45: 4 | G45: 5 | H45: 6 | I45: 7
A46: =C36 -> 2 шт. | I46: Годен
A48: 4. В результате проведенного входного контроля представленной продукции установлено:
A49: а) Сопроводительные документы | F49: соответствуют
F50: (соотвествуют, не соотвествуют)
A51: б) Комплектность (в т.ч. ЗИП) | F51: соответствует
F52: (соотвествует, не соотвествует)
A53: в) Целостность и сохранность упаковки | F53: соответствует
F54: (соотвествует, не соотвествует)
A55: г) Выполнение консервации: | F55: соответствует
F56: (соотвествует, не соотвествует)
A57: д) Наличие ЗАК/протокола КДО: | F57: =IF(OR(INDIRECT("'Форма журнала'!R"&K5&"C13",0)="",INDIRECT("'Форма журнала'!R"&K5&"C13",0)=0),"отсутствует",INDIRECT("'Форма журнала'!R"&K5&"C13",0)) -> Отсутствует
F58: (соотвествует, не соотвествует)
A59: Проверенная продукция для последующего применения признана | H59: пригодной
H60: (пригодной/непригодной)
A61: и | B61: допущена | E61: к применению | F61: к монтажу
B62: (допущена/не допущена) | F62: (указать последующие действия с пригодной продукцией)
A63: Продукция признана непригодной по следующим причинам:
A65: (указать причины отбраковки, документальные результаты контроля,
A67: протоколы, испытания и прочие документы)
A70: Непригодная продукция подлежит
E71: (указать последующие действия с непригодной продукцией)
A73: Председатель: | C73: =A18 -> Директор по строительству ООО «СЭТ» Потоцкий А.А.
C74: (Должность, организация, подпись, Фамилия И.О.)
A76: Члены комиссии: | C76: =B20 -> Начальник участка ООО «СЭТ» Нугуманов М.А.
C77: (Должность, организация, подпись, Фамилия И.О.)
C78: =B22 -> Ведущий инженер строительного контроля ООО «СЭТ» Кольцов А.Г.
C79: (Должность, организация, подпись, Фамилия И.О.)
C81: (Должность, организация, подпись, Фамилия И.О.)
A83: Присутствующие:
A84: =CONCATENATE(ПОДПИСИ!B13," ",ПОДПИСИ!C13) -> Ведущий инженер отдела строительного контроля АО "ЛЭСР" Сафуанова В.А.
A85: (Должность, организация, подпись, Фамилия И.О.)
A87: Особые отметки:

Sheet АВК 11
H1: Приложение 2
H2: к Положению
A4: ФОРМА | K4: =MID(CELL("имяфайла",A1),SEARCH("]",CELL("имяфайла",A1))+1,LEN(CELL("имяфайла",A1))) -> АВК 11
F5: соответствует | K5: =RIGHT(K4,LEN(K4)-4)+2 -> 13
F7: (результат контроля продукции)
A8: Объект строительства: | D8: ='Жвх.к (т)'!C17 -> Реконструкция ВЛ 10 кВ ДТ-9 от опоры №20 до опоры №115 в части замены опор и провода (протяженностью 8 км), с установкой коммутационных аппаратов в количестве 1 шт.
A9: Заказчик строительства: | D9: ПАО "Россети Ленэнерго"
A11: =CONCATENATE("АКТ № ",INDIRECT("'Форма журнала'!R"&K5&"C2",0)) -> АКТ № 7
A12: ВХОДНОГО КОНТРОЛЯ
G13: =INDIRECT("'Форма журнала'!R"&K5&"C3",0) -> 45607
A14: (место проведения)
A15: Нами, комиссией | C15: ='Жвх.к (т)'!B7 -> ООО «СЭТ» | F15: по Приказу №23/10/24-8 от 23.10.2024г. в составе:
C16: (организация, от которой сформирована комиссия)
A17: Председателя
A18: =CONCATENATE(ПОДПИСИ!B7," ",ПОДПИСИ!C7) -> Директор по строительству ООО «СЭТ» Потоцкий А.А.
A19: и членов комиссии:
B20: =CONCATENATE(ПОДПИСИ!B9," ",ПОДПИСИ!C9) -> Начальник участка ООО «СЭТ» Нугуманов М.А.
B21: (должность, организация, фамилия, имя, отчество)
B22: =CONCATENATE(ПОДПИСИ!B11," ",ПОДПИСИ!C11) -> Ведущий инженер строительного контроля ООО «СЭТ» Кольцов А.Г.
B23: (должность, организация, фамилия, имя, отчество)
B25: (должность, организация, фамилия, имя, отчество)
A26: руководствуясь
A27: Приказом ПАО «Россети Ленэнерго» от 20.01.2020 г. №16 «Положение по организации и осуществлению входного контроля продукции для строительства и реконструкции объектов электросетевого комплекса ПAO «Ленэнерго»
A28: (документ, устанавливающий требования по организации и проведению входного контроля продукции)
A29: составлен настоящий акт о выполненном входном контроле продукции для строительства.
A30: 1. К входному контролю представлена следующая продукция:
A31: =INDIRECT("'Форма журнала'!R"&K5&"C4",0) -> Траверса ТМ65
A32: (наименование продукции)
A33: 1.1 Наименование, номер документа, удостоверяющего качества и НТД на продукцию:
A34: =INDIRECT("'Форма журнала'!R"&K5&"C7",0) -> Сертификат соответствия №РОСС RU.НЕ06.Н05218 от 12.04.2023 сроком действия до 11.04.2026 | F34: НТД
A35: (Изготовитель, № документа и дата, № партии, Дата изготовления) | G35: (ГОСТ, ТУ, чертеж КМД)
A36: . | C36: =INDIRECT("'Форма журнала'!R"&K5&"C5",0) -> 6 шт. | F36: Кол-во в партии
C37: (штуки, объем, вес в ед. изм.) | G37: (штуки, объем, вес в ед. изм)
A38: 1.3 Поставщик: | C38: =INDIRECT("'Форма журнала'!R"&K5&"C6",0) -> ООО "НИЛЕД" | F38: Договор
C39: (наименование организации) | G39: (Реквизиты договора на поставку)
A40: 2. Подготовка продукции к контролю по НТД: | F40: выполнена
F41: (выполнена/не выполнена)
A42: 3. При входном контроле проведены следующие контрольные мероприятия:
A43: Количество, масс, объем проверенной продукции (в ед. изм.) | E43: Вид контроля (НТД) и дата сдачи образцов (проб) на контроль | F43: Приборы контроля | G43: № прибора и дата проверки прибора | H43: № и дата протокола контроля | I43: Заключение по контролю (годен/не годен)
A44: Визуальным осмотром | C44: Инструментальными и приборными методами
A45: 1 | C45: 2 | E45: 3 | F45: 4 | G45: 5 | H45: 6 | I45: 7
A46: =C36 -> 6 шт. | I46: Годен
A48: 4. В результате проведенного входного контроля представленной продукции установлено:
A49: а) Сопроводительные документы | F49: соответствуют
F50: (соотвествуют, не соотвествуют)
A51: б) Комплектность (в т.ч. ЗИП) | F51: соответствует
F52: (соотвествует, не соотвествует)
A53: в) Целостность и сохранность упаковки | F53: соответствует
F54: (соотвествует, не соотвествует)
A55: г) Выполнение консервации: | F55: соответствует
F56: (соотвествует, не соотвествует)
A57: д) Наличие ЗАК/протокола КДО: | F57: =IF(OR(INDIRECT("'Форма журнала'!R"&K5&"C13",0)="",INDIRECT("'Форма журнала'!R"&K5&"C13",0)=0),"отсутствует",INDIRECT("'Форма журнала'!R"&K5&"C13",0)) -> Отсутствует
F58: (соотвествует, не соотвествует)
A59: Проверенная продукция для последующего применения признана | H59: пригодной
H60: (пригодной/непригодной)
A61: и | B61: допущена | E61: к применению | F61: к монтажу
B62: (допущена/не допущена) | F62: (указать последующие действия с пригодной продукцией)
A63: Продукция признана непригодной по следующим причинам:
A65: (указать причины отбраковки, документальные результаты контроля,
A67: протоколы, испытания и прочие документы)
A70: Непригодная продукция подлежит
E71: (указать последующие действия с непригодной продукцией)
A73: Председатель: | C73: =A18 -> Директор по строительству ООО «СЭТ» Потоцкий А.А.
C74: (Должность, организация, подпись, Фамилия И.О.)
A76: Члены комиссии: | C76: =B20 -> Начальник участка ООО «СЭТ» Нугуманов М.А.
C77: (Должность, организация, подпись, Фамилия И.О.)
C78: =B22 -> Ведущий инженер строительного контроля ООО «СЭТ» Кольцов А.Г.
C79: (Должность, организация, подпись, Фамилия И.О.)
C81: (Должность, организация, подпись, Фамилия И.О.)
A83: Присутствующие:
A84: =CONCATENATE(ПОДПИСИ!B13," ",ПОДПИСИ!C13) -> Ведущий инженер отдела строительного контроля АО "ЛЭСР" Сафуанова В.А.
A85: (Должность, организация, подпись, Фамилия И.О.)
A87: Особые отметки:

Sheet АВК 12
H1: Приложение 2
H2: к Положению
A4: ФОРМА | K4: =MID(CELL("имяфайла",A1),SEARCH("]",CELL("имяфайла",A1))+1,LEN(CELL("имяфайла",A1))) -> АВК 12
F5: соответствует | K5: =RIGHT(K4,LEN(K4)-4)+2 -> 14
F7: (результат контроля продукции)
A8: Объект строительства: | D8: ='Жвх.к (т)'!C17 -> Реконструкция ВЛ 10 кВ ДТ-9 от опоры №20 до опоры №115 в части замены опор и провода (протяженностью 8 км), с установкой коммутационных аппаратов в количестве 1 шт.
A9: Заказчик строительства: | D9: ПАО "Россети Ленэнерго"
A11: =CONCATENATE("АКТ № ",INDIRECT("'Форма журнала'!R"&K5&"C2",0)) -> АКТ № 8
A12: ВХОДНОГО КОНТРОЛЯ
G13: =INDIRECT("'Форма журнала'!R"&K5&"C3",0) -> 45607
A14: (место проведения)
A15: Нами, комиссией | C15: ='Жвх.к (т)'!B7 -> ООО «СЭТ» | F15: по Приказу №23/10/24-8 от 23.10.2024г. в составе:
C16: (организация, от которой сформирована комиссия)
A17: Председателя
A18: =CONCATENATE(ПОДПИСИ!B7," ",ПОДПИСИ!C7) -> Директор по строительству ООО «СЭТ» Потоцкий А.А.
A19: и членов комиссии:
B20: =CONCATENATE(ПОДПИСИ!B9," ",ПОДПИСИ!C9) -> Начальник участка ООО «СЭТ» Нугуманов М.А.
B21: (должность, организация, фамилия, имя, отчество)
B22: =CONCATENATE(ПОДПИСИ!B11," ",ПОДПИСИ!C11) -> Ведущий инженер строительного контроля ООО «СЭТ» Кольцов А.Г.
B23: (должность, организация, фамилия, имя, отчество)
B25: (должность, организация, фамилия, имя, отчество)
A26: руководствуясь
A27: Приказом ПАО «Россети Ленэнерго» от 20.01.2020 г. №16 «Положение по организации и осуществлению входного контроля продукции для строительства и реконструкции объектов электросетевого комплекса ПAO «Ленэнерго»
A28: (документ, устанавливающий требования по организации и проведению входного контроля продукции)
A29: составлен настоящий акт о выполненном входном контроле продукции для строительства.
A30: 1. К входному контролю представлена следующая продукция:
A31: =INDIRECT("'Форма журнала'!R"&K5&"C4",0) -> Траверса ТМ66
A32: (наименование продукции)
A33: 1.1 Наименование, номер документа, удостоверяющего качества и НТД на продукцию:
A34: =INDIRECT("'Форма журнала'!R"&K5&"C7",0) -> Сертификат соответствия №РОСС RU.НЕ06.Н05218 от 12.04.2023 сроком действия до 11.04.2026 | F34: НТД
A35: (Изготовитель, № документа и дата, № партии, Дата изготовления) | G35: (ГОСТ, ТУ, чертеж КМД)
A36: . | C36: =INDIRECT("'Форма журнала'!R"&K5&"C5",0) -> 5 шт. | F36: Кол-во в партии
C37: (штуки, объем, вес в ед. изм.) | G37: (штуки, объем, вес в ед. изм)
A38: 1.3 Поставщик: | C38: =INDIRECT("'Форма журнала'!R"&K5&"C6",0) -> ООО "НИЛЕД" | F38: Договор
C39: (наименование организации) | G39: (Реквизиты договора на поставку)
A40: 2. Подготовка продукции к контролю по НТД: | F40: выполнена
F41: (выполнена/не выполнена)
A42: 3. При входном контроле проведены следующие контрольные мероприятия:
A43: Количество, масс, объем проверенной продукции (в ед. изм.) | E43: Вид контроля (НТД) и дата сдачи образцов (проб) на контроль | F43: Приборы контроля | G43: № прибора и дата проверки прибора | H43: № и дата протокола контроля | I43: Заключение по контролю (годен/не годен)
A44: Визуальным осмотром | C44: Инструментальными и приборными методами
A45: 1 | C45: 2 | E45: 3 | F45: 4 | G45: 5 | H45: 6 | I45: 7
A46: =C36 -> 5 шт. | I46: Годен
A48: 4. В результате проведенного входного контроля представленной продукции установлено:
A49: а) Сопроводительные документы | F49: соответствуют
F50: (соотвествуют, не соотвествуют)
A51: б) Комплектность (в т.ч. ЗИП) | F51: соответствует
F52: (соотвествует, не соотвествует)
A53: в) Целостность и сохранность упаковки | F53: соответствует
F54: (соотвествует, не соотвествует)
A55: г) Выполнение консервации: | F55: соответствует
F56: (соотвествует, не соотвествует)
A57: д) Наличие ЗАК/протокола КДО: | F57: =IF(OR(INDIRECT("'Форма журнала'!R"&K5&"C13",0)="",INDIRECT("'Форма журнала'!R"&K5&"C13",0)=0),"отсутствует",INDIRECT("'Форма журнала'!R"&K5&"C13",0)) -> Отсутствует
F58: (соотвествует, не соотвествует)
A59: Проверенная продукция для последующего применения признана | H59: пригодной
H60: (пригодной/непригодной)
A61: и | B61: допущена | E61: к применению | F61: к монтажу
B62: (допущена/не допущена) | F62: (указать последующие действия с пригодной продукцией)
A63: Продукция признана непригодной по следующим причинам:
A65: (указать причины отбраковки, документальные результаты контроля,
A67: протоколы, испытания и прочие документы)
A70: Непригодная продукция подлежит
E71: (указать последующие действия с непригодной продукцией)
A73: Председатель: | C73: =A18 -> Директор по строительству ООО «СЭТ» Потоцкий А.А.
C74: (Должность, организация, подпись, Фамилия И.О.)
A76: Члены комиссии: | C76: =B20 -> Начальник участка ООО «СЭТ» Нугуманов М.А.
C77: (Должность, организация, подпись, Фамилия И.О.)
C78: =B22 -> Ведущий инженер строительного контроля ООО «СЭТ» Кольцов А.Г.
C79: (Должность, организация, подпись, Фамилия И.О.)
C81: (Должность, организация, подпись, Фамилия И.О.)
A83: Присутствующие:
A84: =CONCATENATE(ПОДПИСИ!B13," ",ПОДПИСИ!C13) -> Ведущий инженер отдела строительного контроля АО "ЛЭСР" Сафуанова В.А.
A85: (Должность, организация, подпись, Фамилия И.О.)
A87: Особые отметки:

Sheet АВК 13
H1: Приложение 2
H2: к Положению
A4: ФОРМА | K4: =MID(CELL("имяфайла",A1),SEARCH("]",CELL("имяфайла",A1))+1,LEN(CELL("имяфайла",A1))) -> АВК 13
F5: соответствует | K5: =RIGHT(K4,LEN(K4)-4)+2 -> 15
F7: (результат контроля продукции)
A8: Объект строительства: | D8: ='Жвх.к (т)'!C17 -> Реконструкция ВЛ 10 кВ ДТ-9 от опоры №20 до опоры №115 в части замены опор и провода (протяженностью 8 км), с установкой коммутационных аппаратов в количестве 1 шт.
A9: Заказчик строительства: | D9: ПАО "Россети Ленэнерго"
A11: =CONCATENATE("АКТ № ",INDIRECT("'Форма журнала'!R"&K5&"C2",0)) -> АКТ № 9
A12: ВХОДНОГО КОНТРОЛЯ
G13: =INDIRECT("'Форма журнала'!R"&K5&"C3",0) -> 45607
A14: (место проведения)
A15: Нами, комиссией | C15: ='Жвх.к (т)'!B7 -> ООО «СЭТ» | F15: по Приказу №23/10/24-8 от 23.10.2024г. в составе:
C16: (организация, от которой сформирована комиссия)
A17: Председателя
A18: =CONCATENATE(ПОДПИСИ!B7," ",ПОДПИСИ!C7) -> Директор по строительству ООО «СЭТ» Потоцкий А.А.
A19: и членов комиссии:
B20: =CONCATENATE(ПОДПИСИ!B9," ",ПОДПИСИ!C9) -> Начальник участка ООО «СЭТ» Нугуманов М.А.
B21: (должность, организация, фамилия, имя, отчество)
B22: =CONCATENATE(ПОДПИСИ!B11," ",ПОДПИСИ!C11) -> Ведущий инженер строительного контроля ООО «СЭТ» Кольцов А.Г.
B23: (должность, организация, фамилия, имя, отчество)
B25: (должность, организация, фамилия, имя, отчество)
A26: руководствуясь
A27: Приказом ПАО «Россети Ленэнерго» от 20.01.2020 г. №16 «Положение по организации и осуществлению входного контроля продукции для строительства и реконструкции объектов электросетевого комплекса ПAO «Ленэнерго»
A28: (документ, устанавливающий требования по организации и проведению входного контроля продукции)
A29: составлен настоящий акт о выполненном входном контроле продукции для строительства.
A30: 1. К входному контролю представлена следующая продукция:
A31: =INDIRECT("'Форма журнала'!R"&K5&"C4",0) -> Траверса ТМ67
A32: (наименование продукции)
A33: 1.1 Наименование, номер документа, удостоверяющего качества и НТД на продукцию:
A34: =INDIRECT("'Форма журнала'!R"&K5&"C7",0) -> Сертификат соответствия №РОСС RU.НЕ06.Н05218 от 12.04.2023 сроком действия до 11.04.2026 | F34: НТД
A35: (Изготовитель, № документа и дата, № партии, Дата изготовления) | G35: (ГОСТ, ТУ, чертеж КМД)
A36: . | C36: =INDIRECT("'Форма журнала'!R"&K5&"C5",0) -> 1 шт. | F36: Кол-во в партии
C37: (штуки, объем, вес в ед. изм.) | G37: (штуки, объем, вес в ед. изм)
A38: 1.3 Поставщик: | C38: =INDIRECT("'Форма журнала'!R"&K5&"C6",0) -> ООО "НИЛЕД" | F38: Договор
C39: (наименование организации) | G39: (Реквизиты договора на поставку)
A40: 2. Подготовка продукции к контролю по НТД: | F40: выполнена
F41: (выполнена/не выполнена)
A42: 3. При входном контроле проведены следующие контрольные мероприятия:
A43: Количество, масс, объем проверенной продукции (в ед. изм.) | E43: Вид контроля (НТД) и дата сдачи образцов (проб) на контроль | F43: Приборы контроля | G43: № прибора и дата проверки прибора | H43: № и дата протокола контроля | I43: Заключение по контролю (годен/не годен)
A44: Визуальным осмотром | C44: Инструментальными и приборными методами
A45: 1 | C45: 2 | E45: 3 | F45: 4 | G45: 5 | H45: 6 | I45: 7
A46: =C36 -> 1 шт. | I46: Годен
A48: 4. В результате проведенного входного контроля представленной продукции установлено:
A49: а) Сопроводительные документы | F49: соответствуют
F50: (соотвествуют, не соотвествуют)
A51: б) Комплектность (в т.ч. ЗИП) | F51: соответствует
F52: (соотвествует, не соотвествует)
A53: в) Целостность и сохранность упаковки | F53: соответствует
F54: (соотвествует, не соотвествует)
A55: г) Выполнение консервации: | F55: соответствует
F56: (соотвествует, не соотвествует)
A57: д) Наличие ЗАК/протокола КДО: | F57: =IF(OR(INDIRECT("'Форма журнала'!R"&K5&"C13",0)="",INDIRECT("'Форма журнала'!R"&K5&"C13",0)=0),"отсутствует",INDIRECT("'Форма журнала'!R"&K5&"C13",0)) -> Отсутствует
F58: (соотвествует, не соотвествует)
A59: Проверенная продукция для последующего применения признана | H59: пригодной
H60: (пригодной/непригодной)
A61: и | B61: допущена | E61: к применению | F61: к монтажу
B62: (допущена/не допущена) | F62: (указать последующие действия с пригодной продукцией)
A63: Продукция признана непригодной по следующим причинам:
A65: (указать причины отбраковки, документальные результаты контроля,
A67: протоколы, испытания и прочие документы)
A70: Непригодная продукция подлежит
E71: (указать последующие действия с непригодной продукцией)
A73: Председатель: | C73: =A18 -> Директор по строительству ООО «СЭТ» Потоцкий А.А.
C74: (Должность, организация, подпись, Фамилия И.О.)
A76: Члены комиссии: | C76: =B20 -> Начальник участка ООО «СЭТ» Нугуманов М.А.
C77: (Должность, организация, подпись, Фамилия И.О.)
C78: =B22 -> Ведущий инженер строительного контроля ООО «СЭТ» Кольцов А.Г.
C79: (Должность, организация, подпись, Фамилия И.О.)
C81: (Должность, организация, подпись, Фамилия И.О.)
A83: Присутствующие:
A84: =CONCATENATE(ПОДПИСИ!B13," ",ПОДПИСИ!C13) -> Ведущий инженер отдела строительного контроля АО "ЛЭСР" Сафуанова В.А.
A85: (Должность, организация, подпись, Фамилия И.О.)
A87: Особые отметки:

Sheet АВК 14
H1: Приложение 2
H2: к Положению
A4: ФОРМА | K4: =MID(CELL("имяфайла",A1),SEARCH("]",CELL("имяфайла",A1))+1,LEN(CELL("имяфайла",A1))) -> АВК 14
F5: соответствует | K5: =RIGHT(K4,LEN(K4)-4)+2 -> 16
F7: (результат контроля продукции)
A8: Объект строительства: | D8: ='Жвх.к (т)'!C17 -> Реконструкция ВЛ 10 кВ ДТ-9 от опоры №20 до опоры №115 в части замены опор и провода (протяженностью 8 км), с установкой коммутационных аппаратов в количестве 1 шт.
A9: Заказчик строительства: | D9: ПАО "Россети Ленэнерго"
A11: =CONCATENATE("АКТ № ",INDIRECT("'Форма журнала'!R"&K5&"C2",0)) -> АКТ № 10
A12: ВХОДНОГО КОНТРОЛЯ
G13: =INDIRECT("'Форма журнала'!R"&K5&"C3",0) -> 45607
A14: (место проведения)
A15: Нами, комиссией | C15: ='Жвх.к (т)'!B7 -> ООО «СЭТ» | F15: по Приказу №23/10/24-8 от 23.10.2024г. в составе:
C16: (организация, от которой сформирована комиссия)
A17: Председателя
A18: =CONCATENATE(ПОДПИСИ!B7," ",ПОДПИСИ!C7) -> Директор по строительству ООО «СЭТ» Потоцкий А.А.
A19: и членов комиссии:
B20: =CONCATENATE(ПОДПИСИ!B9," ",ПОДПИСИ!C9) -> Начальник участка ООО «СЭТ» Нугуманов М.А.
B21: (должность, организация, фамилия, имя, отчество)
B22: =CONCATENATE(ПОДПИСИ!B11," ",ПОДПИСИ!C11) -> Ведущий инженер строительного контроля ООО «СЭТ» Кольцов А.Г.
B23: (должность, организация, фамилия, имя, отчество)
B25: (должность, организация, фамилия, имя, отчество)
A26: руководствуясь
A27: Приказом ПАО «Россети Ленэнерго» от 20.01.2020 г. №16 «Положение по организации и осуществлению входного контроля продукции для строительства и реконструкции объектов электросетевого комплекса ПAO «Ленэнерго»
A28: (документ, устанавливающий требования по организации и проведению входного контроля продукции)
A29: составлен настоящий акт о выполненном входном контроле продукции для строительства.
A30: 1. К входному контролю представлена следующая продукция:
A31: =INDIRECT("'Форма журнала'!R"&K5&"C4",0) -> Траверса ТМ68
A32: (наименование продукции)
A33: 1.1 Наименование, номер документа, удостоверяющего качества и НТД на продукцию:
A34: =INDIRECT("'Форма журнала'!R"&K5&"C7",0) -> Сертификат соответствия №РОСС RU.НЕ06.Н05218 от 12.04.2023 сроком действия до 11.04.2026 | F34: НТД
A35: (Изготовитель, № документа и дата, № партии, Дата изготовления) | G35: (ГОСТ, ТУ, чертеж КМД)
A36: . | C36: =INDIRECT("'Форма журнала'!R"&K5&"C5",0) -> 1 шт. | F36: Кол-во в партии
C37: (штуки, объем, вес в ед. изм.) | G37: (штуки, объем, вес в ед. изм)
A38: 1.3 Поставщик: | C38: =INDIRECT("'Форма журнала'!R"&K5&"C6",0) -> ООО "НИЛЕД" | F38: Договор
C39: (наименование организации) | G39: (Реквизиты договора на поставку)
A40: 2. Подготовка продукции к контролю по НТД: | F40: выполнена
F41: (выполнена/не выполнена)
A42: 3. При входном контроле проведены следующие контрольные мероприятия:
A43: Количество, масс, объем проверенной продукции (в ед. изм.) | E43: Вид контроля (НТД) и дата сдачи образцов (проб) на контроль | F43: Приборы контроля | G43: № прибора и дата проверки прибора | H43: № и дата протокола контроля | I43: Заключение по контролю (годен/не годен)
A44: Визуальным осмотром | C44: Инструментальными и приборными методами
A45: 1 | C45: 2 | E45: 3 | F45: 4 | G45: 5 | H45: 6 | I45: 7
A46: =C36 -> 1 шт. | I46: Годен
A48: 4. В результате проведенного входного контроля представленной продукции установлено:
A49: а) Сопроводительные документы | F49: соответствуют
F50: (соотвествуют, не соотвествуют)
A51: б) Комплектность (в т.ч. ЗИП) | F51: соответствует
F52: (соотвествует, не соотвествует)
A53: в) Целостность и сохранность упаковки | F53: соответствует
F54: (соотвествует, не соотвествует)
A55: г) Выполнение консервации: | F55: соответствует
F56: (соотвествует, не соотвествует)
A57: д) Наличие ЗАК/протокола КДО: | F57: =IF(OR(INDIRECT("'Форма журнала'!R"&K5&"C13",0)="",INDIRECT("'Форма журнала'!R"&K5&"C13",0)=0),"отсутствует",INDIRECT("'Форма журнала'!R"&K5&"C13",0)) -> Отсутствует
F58: (соотвествует, не соотвествует)
A59: Проверенная продукция для последующего применения признана | H59: пригодной
H60: (пригодной/непригодной)
A61: и | B61: допущена | E61: к применению | F61: к монтажу
B62: (допущена/не допущена) | F62: (указать последующие действия с пригодной продукцией)
A63: Продукция признана непригодной по следующим причинам:
A65: (указать причины отбраковки, документальные результаты контроля,
A67: протоколы, испытания и прочие документы)
A70: Непригодная продукция подлежит
E71: (указать последующие действия с непригодной продукцией)
A73: Председатель: | C73: =A18 -> Директор по строительству ООО «СЭТ» Потоцкий А.А.
C74: (Должность, организация, подпись, Фамилия И.О.)
A76: Члены комиссии: | C76: =B20 -> Начальник участка ООО «СЭТ» Нугуманов М.А.
C77: (Должность, организация, подпись, Фамилия И.О.)
C78: =B22 -> Ведущий инженер строительного контроля ООО «СЭТ» Кольцов А.Г.
C79: (Должность, организация, подпись, Фамилия И.О.)
C81: (Должность, организация, подпись, Фамилия И.О.)
A83: Присутствующие:
A84: =CONCATENATE(ПОДПИСИ!B13," ",ПОДПИСИ!C13) -> Ведущий инженер отдела строительного контроля АО "ЛЭСР" Сафуанова В.А.
A85: (Должность, организация, подпись, Фамилия И.О.)
A87: Особые отметки:

Sheet АВК 15
H1: Приложение 2
H2: к Положению
A4: ФОРМА | K4: =MID(CELL("имяфайла",A1),SEARCH("]",CELL("имяфайла",A1))+1,LEN(CELL("имяфайла",A1))) -> АВК 15
F5: соответствует | K5: =RIGHT(K4,LEN(K4)-4)+2 -> 17
F7: (результат контроля продукции)
A8: Объект строительства: | D8: ='Жвх.к (т)'!C17 -> Реконструкция ВЛ 10 кВ ДТ-9 от опоры №20 до опоры №115 в части замены опор и провода (протяженностью 8 км), с установкой коммутационных аппаратов в количестве 1 шт.
A9: Заказчик строительства: | D9: ПАО "Россети Ленэнерго"
A11: =CONCATENATE("АКТ № ",INDIRECT("'Форма журнала'!R"&K5&"C2",0)) -> АКТ № 11
A12: ВХОДНОГО КОНТРОЛЯ
G13: =INDIRECT("'Форма журнала'!R"&K5&"C3",0) -> 45607
A14: (место проведения)
A15: Нами, комиссией | C15: ='Жвх.к (т)'!B7 -> ООО «СЭТ» | F15: по Приказу №23/10/24-8 от 23.10.2024г. в составе:
C16: (организация, от которой сформирована комиссия)
A17: Председателя
A18: =CONCATENATE(ПОДПИСИ!B7," ",ПОДПИСИ!C7) -> Директор по строительству ООО «СЭТ» Потоцкий А.А.
A19: и членов комиссии:
B20: =CONCATENATE(ПОДПИСИ!B9," ",ПОДПИСИ!C9) -> Начальник участка ООО «СЭТ» Нугуманов М.А.
B21: (должность, организация, фамилия, имя, отчество)
B22: =CONCATENATE(ПОДПИСИ!B11," ",ПОДПИСИ!C11) -> Ведущий инженер строительного контроля ООО «СЭТ» Кольцов А.Г.
B23: (должность, организация, фамилия, имя, отчество)
B25: (должность, организация, фамилия, имя, отчество)
A26: руководствуясь
A27: Приказом ПАО «Россети Ленэнерго» от 20.01.2020 г. №16 «Положение по организации и осуществлению входного контроля продукции для строительства и реконструкции объектов электросетевого комплекса ПAO «Ленэнерго»
A28: (документ, устанавливающий требования по организации и проведению входного контроля продукции)
A29: составлен настоящий акт о выполненном входном контроле продукции для строительства.
A30: 1. К входному контролю представлена следующая продукция:
A31: =INDIRECT("'Форма журнала'!R"&K5&"C4",0) -> Траверса ТМ73
A32: (наименование продукции)
A33: 1.1 Наименование, номер документа, удостоверяющего качества и НТД на продукцию:
A34: =INDIRECT("'Форма журнала'!R"&K5&"C7",0) -> Сертификат соответствия №РОСС RU.НЕ06.Н05218 от 12.04.2023 сроком действия до 11.04.2026 | F34: НТД
A35: (Изготовитель, № документа и дата, № партии, Дата изготовления) | G35: (ГОСТ, ТУ, чертеж КМД)
A36: . | C36: =INDIRECT("'Форма журнала'!R"&K5&"C5",0) -> 2 шт. | F36: Кол-во в партии
C37: (штуки, объем, вес в ед. изм.) | G37: (штуки, объем, вес в ед. изм)
A38: 1.3 Поставщик: | C38: =INDIRECT("'Форма журнала'!R"&K5&"C6",0) -> ООО "НИЛЕД" | F38: Договор
C39: (наименование организации) | G39: (Реквизиты договора на поставку)
A40: 2. Подготовка продукции к контролю по НТД: | F40: выполнена
F41: (выполнена/не выполнена)
A42: 3. При входном контроле проведены следующие контрольные мероприятия:
A43: Количество, масс, объем проверенной продукции (в ед. изм.) | E43: Вид контроля (НТД) и дата сдачи образцов (проб) на контроль | F43: Приборы контроля | G43: № прибора и дата проверки прибора | H43: № и дата протокола контроля | I43: Заключение по контролю (годен/не годен)
A44: Визуальным осмотром | C44: Инструментальными и приборными методами
A45: 1 | C45: 2 | E45: 3 | F45: 4 | G45: 5 | H45: 6 | I45: 7
A46: =C36 -> 2 шт. | I46: Годен
A48: 4. В результате проведенного входного контроля представленной продукции установлено:
A49: а) Сопроводительные документы | F49: соответствуют
F50: (соотвествуют, не соотвествуют)
A51: б) Комплектность (в т.ч. ЗИП) | F51: соответствует
F52: (соотвествует, не соотвествует)
A53: в) Целостность и сохранность упаковки | F53: соответствует
F54: (соотвествует, не соотвествует)
A55: г) Выполнение консервации: | F55: соответствует
F56: (соотвествует, не соотвествует)
A57: д) Наличие ЗАК/протокола КДО: | F57: =IF(OR(INDIRECT("'Форма журнала'!R"&K5&"C13",0)="",INDIRECT("'Форма журнала'!R"&K5&"C13",0)=0),"отсутствует",INDIRECT("'Форма журнала'!R"&K5&"C13",0)) -> Отсутствует
F58: (соотвествует, не соотвествует)
A59: Проверенная продукция для последующего применения признана | H59: пригодной
H60: (пригодной/непригодной)
A61: и | B61: допущена | E61: к применению | F61: к монтажу
B62: (допущена/не допущена) | F62: (указать последующие действия с пригодной продукцией)
A63: Продукция признана непригодной по следующим причинам:
A65: (указать причины отбраковки, документальные результаты контроля,
A67: протоколы, испытания и прочие документы)
A70: Непригодная продукция подлежит
E71: (указать последующие действия с непригодной продукцией)
A73: Председатель: | C73: =A18 -> Директор по строительству ООО «СЭТ» Потоцкий А.А.
C74: (Должность, организация, подпись, Фамилия И.О.)
A76: Члены комиссии: | C76: =B20 -> Начальник участка ООО «СЭТ» Нугуманов М.А.
C77: (Должность, организация, подпись, Фамилия И.О.)
C78: =B22 -> Ведущий инженер строительного контроля ООО «СЭТ» Кольцов А.Г.
C79: (Должность, организация, подпись, Фамилия И.О.)
C81: (Должность, организация, подпись, Фамилия И.О.)
A83: Присутствующие:
A84: =CONCATENATE(ПОДПИСИ!B13," ",ПОДПИСИ!C13) -> Ведущий инженер отдела строительного контроля АО "ЛЭСР" Сафуанова В.А.
A85: (Должность, организация, подпись, Фамилия И.О.)
A87: Особые отметки:

Sheet АВК 16
H1: Приложение 2
H2: к Положению
A4: ФОРМА | K4: =MID(CELL("имяфайла",A1),SEARCH("]",CELL("имяфайла",A1))+1,LEN(CELL("имяфайла",A1))) -> АВК 16
F5: соответствует | K5: =RIGHT(K4,LEN(K4)-4)+2 -> 18
F7: (результат контроля продукции)
A8: Объект строительства: | D8: ='Жвх.к (т)'!C17 -> Реконструкция ВЛ 10 кВ ДТ-9 от опоры №20 до опоры №115 в части замены опор и провода (протяженностью 8 км), с установкой коммутационных аппаратов в количестве 1 шт.
A9: Заказчик строительства: | D9: ПАО "Россети Ленэнерго"
A11: =CONCATENATE("АКТ № ",INDIRECT("'Форма журнала'!R"&K5&"C2",0)) -> АКТ № 12
A12: ВХОДНОГО КОНТРОЛЯ
G13: =INDIRECT("'Форма журнала'!R"&K5&"C3",0) -> 45607
A14: (место проведения)
A15: Нами, комиссией | C15: ='Жвх.к (т)'!B7 -> ООО «СЭТ» | F15: по Приказу №23/10/24-8 от 23.10.2024г. в составе:
C16: (организация, от которой сформирована комиссия)
A17: Председателя
A18: =CONCATENATE(ПОДПИСИ!B7," ",ПОДПИСИ!C7) -> Директор по строительству ООО «СЭТ» Потоцкий А.А.
A19: и членов комиссии:
B20: =CONCATENATE(ПОДПИСИ!B9," ",ПОДПИСИ!C9) -> Начальник участка ООО «СЭТ» Нугуманов М.А.
B21: (должность, организация, фамилия, имя, отчество)
B22: =CONCATENATE(ПОДПИСИ!B11," ",ПОДПИСИ!C11) -> Ведущий инженер строительного контроля ООО «СЭТ» Кольцов А.Г.
B23: (должность, организация, фамилия, имя, отчество)
B25: (должность, организация, фамилия, имя, отчество)
A26: руководствуясь
A27: Приказом ПАО «Россети Ленэнерго» от 20.01.2020 г. №16 «Положение по организации и осуществлению входного контроля продукции для строительства и реконструкции объектов электросетевого комплекса ПAO «Ленэнерго»
A28: (документ, устанавливающий требования по организации и проведению входного контроля продукции)
A29: составлен настоящий акт о выполненном входном контроле продукции для строительства.
A30: 1. К входному контролю представлена следующая продукция:
A31: =INDIRECT("'Форма журнала'!R"&K5&"C4",0) -> Траверса ТМ74
A32: (наименование продукции)
A33: 1.1 Наименование, номер документа, удостоверяющего качества и НТД на продукцию:
A34: =INDIRECT("'Форма журнала'!R"&K5&"C7",0) -> Сертификат соответствия №РОСС RU.НЕ06.Н05218 от 12.04.2023 сроком действия до 11.04.2026 | F34: НТД
A35: (Изготовитель, № документа и дата, № партии, Дата изготовления) | G35: (ГОСТ, ТУ, чертеж КМД)
A36: . | C36: =INDIRECT("'Форма журнала'!R"&K5&"C5",0) -> 2 шт. | F36: Кол-во в партии
C37: (штуки, объем, вес в ед. изм.) | G37: (штуки, объем, вес в ед. изм)
A38: 1.3 Поставщик: | C38: =INDIRECT("'Форма журнала'!R"&K5&"C6",0) -> ООО "НИЛЕД" | F38: Договор
C39: (наименование организации) | G39: (Реквизиты договора на поставку)
A40: 2. Подготовка продукции к контролю по НТД: | F40: выполнена
F41: (выполнена/не выполнена)
A42: 3. При входном контроле проведены следующие контрольные мероприятия:
A43: Количество, масс, объем проверенной продукции (в ед. изм.) | E43: Вид контроля (НТД) и дата сдачи образцов (проб) на контроль | F43: Приборы контроля | G43: № прибора и дата проверки прибора | H43: № и дата протокола контроля | I43: Заключение по контролю (годен/не годен)
A44: Визуальным осмотром | C44: Инструментальными и приборными методами
A45: 1 | C45: 2 | E45: 3 | F45: 4 | G45: 5 | H45: 6 | I45: 7
A46: =C36 -> 2 шт. | I46: Годен
A48: 4. В результате проведенного входного контроля представленной продукции установлено:
A49: а) Сопроводительные документы | F49: соответствуют
F50: (соотвествуют, не соотвествуют)
A51: б) Комплектность (в т.ч. ЗИП) | F51: соответствует
F52: (соотвествует, не соотвествует)
A53: в) Целостность и сохранность упаковки | F53: соответствует
F54: (соотвествует, не соотвествует)
A55: г) Выполнение консервации: | F55: соответствует
F56: (соотвествует, не соотвествует)
A57: д) Наличие ЗАК/протокола КДО: | F57: =IF(OR(INDIRECT("'Форма журнала'!R"&K5&"C13",0)="",INDIRECT("'Форма журнала'!R"&K5&"C13",0)=0),"отсутствует",INDIRECT("'Форма журнала'!R"&K5&"C13",0)) -> Отсутствует
F58: (соотвествует, не соотвествует)
A59: Проверенная продукция для последующего применения признана | H59: пригодной
H60: (пригодной/непригодной)
A61: и | B61: допущена | E61: к применению | F61: к монтажу
B62: (допущена/не допущена) | F62: (указать последующие действия с пригодной продукцией)
A63: Продукция признана непригодной по следующим причинам:
A65: (указать причины отбраковки, документальные результаты контроля,
A67: протоколы, испытания и прочие документы)
A70: Непригодная продукция подлежит
E71: (указать последующие действия с непригодной продукцией)
A73: Председатель: | C73: =A18 -> Директор по строительству ООО «СЭТ» Потоцкий А.А.
C74: (Должность, организация, подпись, Фамилия И.О.)
A76: Члены комиссии: | C76: =B20 -> Начальник участка ООО «СЭТ» Нугуманов М.А.
C77: (Должность, организация, подпись, Фамилия И.О.)
C78: =B22 -> Ведущий инженер строительного контроля ООО «СЭТ» Кольцов А.Г.
C79: (Должность, организация, подпись, Фамилия И.О.)
C81: (Должность, организация, подпись, Фамилия И.О.)
A83: Присутствующие:
A84: =CONCATENATE(ПОДПИСИ!B13," ",ПОДПИСИ!C13) -> Ведущий инженер отдела строительного контроля АО "ЛЭСР" Сафуанова В.А.
A85: (Должность, организация, подпись, Фамилия И.О.)
A87: Особые отметки:

Sheet Заполнение
A1: 1 | B1: Указывается сквозной порядковый номер строки/МТР.
A2: 2 | B2: Дата проведения контроля получаемых деталей, материалов, конструкций и оборудования.
A3: 3 | B3: Указывается наименование материала или оборудования подлежащего входному контролю. Желательно писать полное наименование МТР или оборудования с указанием заводских номеров (при наличии)
A4: 4 | B4: Пишется количество и единица измерения деталей, конструкций или оборудования.
A5: 5 | B5: Указывается поставщик. Обычно поставщиком является завод изготовитель (указывается в паспорте и товарной накладной)
A6: 6 | B6: В данный столбик вносится номера и даты сопроводительной документации, таких как сертификат, паспорт на изделие, номер партии. Если документ не имеет номера, то пишем к примеру: б/н от 02.09.2022г. (б/н- без номера). Также по специфике МТР и необходимости сюда же вносят акты испытаний, ревизий. Если материалы и оборудование не проектное, то вносится номер и дата письма о согласовании с проектным институтом или Заказчиком.
A7: 7 | B7: Результат проверки сопроводительных документов производителя и визуального осмотра на соответствие требованиям утверждённой проектной документации и соответствующим документам по стандартизации. (Проверяются паспорта или сертификаты, осматривают визуально изделие на предмет соответствия с проектом либо с рабочей документацией и пишется результат проверки.
A8: 8 | B8: Решение о необходимости проведения лабораторного контроля. Однозначного понимания пока нет, что именно тут писать. В данном столбце необходимо обозначить нужен лабораторный контроль или нет.
A9: 9 | B9: Результат лабораторного контроля.
A10: 10 | B10: Сотрудником строительной организации производивший приемку МТР ставится подпись.
A11: По окончании ведения журнала, для закрытия делается запись «Журнал закрыт», ставится дата, подпись, фамилия и инициалы проверяющего.

Sheet Образец
